lakad	lumalakad	IND;AGFOC;IPFV
kain	magkakain	Intensive;AGFOC;NFIN
laba	malabhan	ABLTV;PFOC;NFIN
lagay	papaglagayin	CAUS;A2F;NFIN
harap	haharap	IND;AGFOC;PROSP
pakiusap	kakikiusap	IND;AGFOC;RECPFV
patuloy	magpatuloy	IND;AGFOC;NFIN
balita'	kababalita'	IND;AGFOC;RECPFV
tago'	itago'	IND;PFOC;NFIN
talon	tumalon	IND;AGFOC;PFV
lipad	makapagpalipad	ABLTV;CAUS;AGFOC;NFIN
sulat	isinusulat	IND;PFOC;IPFV
hawak	magpahawak	CAUS;A1F;NFIN
halo'	haluin	IND;DIR;NFIN
kain	kakanin	IND;PFOC;PROSP
damdam	mararamdaman	IND;PFOC;PROSP
ligpit	ligpitin	IND;PFOC;NFIN
tawid	tumawid	IND;PFOC;NFIN
asa	paasahin	CAUS;A2F;NFIN
palit	pinalitan	IND;PFOC;PFV
tulong	makatulong	ABLTV;AGFOC;NFIN
ligpit	magliligpit	IND;AGFOC;PROSP
inom	magpainom	CAUS;A1F;NFIN
uwi'	umuwi'	IND;AGFOC;PFV
trabaho	nagtratrabaho	IND;AGFOC;IPFV
hinto'	ipahinto'	CAUS;PFOC;NFIN
sama'	makasama'	ABLTV;RFOC;NFIN
takbo	tumakbo	IND;AGFOC;PFV
pasok	nagpasok	IND;AGFOC;PFV
umpisa	maumpisahan	ABLTV;PFOC;NFIN
hagis	kahahagis	IND;AGFOC;RECPFV
alis	nagalis	IND;AGFOC;PFV
sakay	nagsasakay	IND;AGFOC;IPFV
trabaho	magtrabaho	IND;AGFOC;NFIN
kopya	ipakopya	CAUS;PFOC;NFIN
sukat	susukat	IND;AGFOC;PROSP
habol	habulin	IND;PFOC;NFIN
huli	huhulihin	IND;PFOC;PROSP
aksaya	magaaksaya	IND;AGFOC;PROSP
hiram	mahiram	ABLTV;PFOC;NFIN
bukas	ibukas	IND;PFOC;NFIN
liko'	ililiko'	IND;PFOC;PROSP
sara	sumara	IND;PFOC;PFV
hingi'	magpahingi'	CAUS;A1F;NFIN
kain	kainin	IND;PFOC;NFIN
luto'	linuluto'	IND;PFOC;IPFV
dilig	papagdiligin	CAUS;A2F;NFIN
ipon	maipon	ABLTV;PFOC;NFIN
tuloy	maituloy	ABLTV;PFOC;NFIN
bili	pabilhin	CAUS;A2F;NFIN
ibig	maibigan	ABLTV;DIR;NFIN
maneho	minamaneho	IND;PFOC;IPFV
patingin	papatignan	IND;PFOC;PROSP
tanggap	ipatanggap	CAUS;PFOC;NFIN
sugal	isugal	IND;IFOC;NFIN
maging	nagiging	IND;AGFOC;IPFV
alaga'	nagaalaga'	IND;AGFOC;IPFV
sauli'	magpasauli'	CAUS;A1F;NFIN
talon	patalunin	CAUS;A2F;NFIN
pagod	napapagod	IND;AGFOC;IPFV
sayaw	sinayaw	IND;PFOC;PFV
puno'	pinuno'	IND;PFOC;PFV
bati'	ipabati'	CAUS;DIR;NFIN
ligpit	pagligpitin	CAUS;A2F;NFIN
gupit	gumupit	IND;AGFOC;PFV
baba'	mababaan	ABLTV;DIR;NFIN
iwan	magiiwan	IND;AGFOC;PROSP
bilang	ipabilang	CAUS;PFOC;NFIN
aksaya	magaksaya	IND;AGFOC;NFIN
tago'	maitago'	ABLTV;PFOC;NFIN
bati'	bumati'	IND;AGFOC;NFIN
tigil	itinigil	IND;PFOC;PFV
patay	makapatay	ABLTV;A1F;NFIN
sauli'	kasasauli'	IND;AGFOC;RECPFV
laro	mapaglaruan	ABLTV;PFOC;NFIN
sulat	pasulatin	CAUS;A2F;NFIN
saya	magsaya	IND;AGFOC;NFIN
pinta	magpipinta	IND;AGFOC;PROSP
putol	pumutol	IND;AGFOC;PFV
bilang	pabilangan	CAUS;DIR;NFIN
laba	lalabahan	IND;PFOC;PROSP
hawak	makahawak	ABLTV;AGFOC;NFIN
buhat	bumubuhat	IND;AGFOC;IPFV
salubong	pasalubungin	CAUS;A2F;NFIN
gamot	ginagamot	IND;PFOC;IPFV
hatid	ihinatid	IND;PFOC;PFV
hinto'	huminto'	IND;AGFOC;NFIN
bili	bibilhin	IND;PFOC;PROSP
tugtog	katutugtog	IND;PFOC;RECPFV
tanim	itinanim	IND;PFOC;PFV
suot	nagsusuot	IND;AGFOC;IPFV
huli	mahuli	ABLTV;PFOC;NFIN
tawa	tumawa	IND;AGFOC;NFIN
tahi'	ipagpatahi'	CAUS;BFOC;NFIN
biro'	mabiro'	ABLTV;PFOC;NFIN
bigo'	mabigb'	IND;AGFOC;NFIN
tago'	magtatago'	IND;AGFOC;PROSP
galing	gumagaling	IND;AGFOC;IPFV
umpisa	naguumpisa	IND;AGFOC;IPFV
takbo	matakbuhan	ABLTV;DIR;NFIN
buhat	bubuhatin	IND;PFOC;PROSP
ibig	umibig	IND;AGFOC;PFV
pagbili	ipagbili	IND;PFOC;NFIN
nakaw	kananakaw	IND;AGFOC;RECPFV
handa'	paghandaan	IND;BFOC;NFIN
gulat	pagulatin	CAUS;A2F;NFIN
gasta	gumagasta	IND;AGFOC;IPFV
gising	gisingin	IND;PFOC;NFIN
ngiti	mangitian	ABLTV;DIR;NFIN
iwan	iiwan	IND;PFOC;PROSP
umpisa	maguumpisa	IND;AGFOC;PROSP
sali	papasalihan	CAUS;LFOC;NFIN
galit	makagalitan	ABLTV;DIR;NFIN
hiwa'	hinihiwa'	IND;PFOC;IPFV
puno'	ikapuno'	IND;RFOC;NFIN
pigil	makapagpigil	ABLTV;AGFOC;NFIN
gasta	gumasta	IND;AGFOC;NFIN
handa'	papaghandain	CAUS;A2F;NFIN
maging	maging	IND;AGFOC;NFIN
tugtog	tumugtog	IND;PFOC;NFIN
asa	umasa	IND;AGFOC;PFV
uwi'	papaguwiin	CAUS;A2F;NFIN
tuto	matututuhan	IND;PFOC;PROSP
balik	bumalik	IND;AGFOC;PFV
pasyal	pagpasyalin	CAUS;A2F;NFIN
pigil	mapigil	ABLTV;DIR;NFIN
punit	mapunit	IND;PFOC;NFIN
sayaw	sumasayaw	IND;AGFOC;IPFV
patay	patayin	IND;PFOC;NFIN
kopya	makopyahan	ABLTV;DIR;NFIN
hagis	maipanghagis	ABLTV;IFOC;NFIN
regalo	papagregaluhin	CAUS;A2F;NFIN
puno'	pagpunuin	CAUS;A2F;NFIN
labas	makapaglabas	ABLTV;AGFOC;NFIN
trabaho	trinabaho	IND;PFOC;NFIN
hinga	inihinga	IND;PFOC;PFV
higa	pahigaln	CAUS;A2F;NFIN
pasok	papasok	IND;AGFOC;PROSP
bihis	ibihis	IND;PFOC;NFIN
umpisa	inuumpisahan	IND;PFOC;IPFV
palit	magpalit	IND;AGFOC;NFIN
sagot	pasagutin	CAUS;A2F;NFIN
tulong	tumulong	IND;AGFOC;NFIN
sagot	isinasagot	IND;PFOC;IPFV
pangako	makapangako	ABLTV;AGFOC;NFIN
patingin	patitignan	IND;PFOC;PROSP
tayo'	katatayo'	IND;AGFOC;RECPFV
hagis	ihagis	IND;PFOC;NFIN
tawag	nakatatawag	IND;PFOC;IPFV
aksaya	mapagaksayahan	ABLTV;DIR;NFIN
sulat	susulatin	IND;PFOC;PROSP
halo'	maghahalo'	IND;AGFOC;PROSP
iwan	maiwan	ABLTV;PFOC;NFIN
alis	magalas	IND;AGFOC;NFIN
tahi'	tahiin	IND;PFOC;NFIN
laki	lakihan	IND;RFOC;NFIN
balita'	ibabalita'	IND;PFOC;PROSP
haba'	humahaba'	IND;AGFOC;IPFV
maneho	pagmanehuhin	CAUS;A2F;NFIN
dala	ipadala	CAUS;PFOC;NFIN
ingay	maingayan	IND;AGFOC;NFIN
tahi'	tahiin	IND;PFOC;NFIN
haba'	mahabaan	ABLTV;PFOC;NFIN
mali	magkamali'	IND;AGFOC;NFIN
sikap	nagsisikap	IND;AGFOC;IPFV
isip	makaisip	Accidental;AGFOC;NFIN
abot	abutan	IND;DIR;NFIN
turo'	papagturuin	CAUS;A2F;NFIN
luto'	ininuluto'	IND;PFOC;IPFV
galing	magpagaling	CAUS;A1F;NFIN
bura	makapagbura	ABLTV;AGFOC;NFIN
sali	pasalihin	CAUS;A2F;NFIN
sugal	maisugal	ABLTV;IFOC;NFIN
gising	ipagising	CAUS;PFOC;NFIN
akyat	paakyatan	CAUS;DIR;NFIN
iwan	iwanan	IND;DIR;NFIN
maneho	magmaneho	IND;AGFOC;NFIN
sakit	nagkakasakit	IND;AGFOC;IPFV
dala	papagdalahin	CAUS;A2F;NFIN
pagbili	nagbili	IND;AGFOC;PFV
abot	abutin	IND;PFOC;NFIN
sayaw	sasayawin	IND;PFOC;PROSP
sunog	magsunog	IND;AGFOC;NFIN
tahi'	tumahi'	IND;AGFOC;NFIN
lipat	ililipat	IND;PFOC;PROSP
patuloy	ipinapagpatuloy	IND;PFOC;PFV
dilig	nagdidilig	IND;AGFOC;IPFV
tikim	katitikim	IND;AGFOC;RECPFV
dating	darating	IND;AGFOC;PROSP
kuha	kakukuha	IND;AGFOC;RECPFV
bayad	ipapambayad	CAUS;BFOC;NFIN
sara	maisara	ABLTV;PFOC;NFIN
tigil	nagtigil	IND;AGFOC;PFV
tanggap	magpatanggap	CAUS;A1F;NFIN
inom	painumin	CAUS;A2F;NFIN
patingin	pinagtitignan	IND;PFOC;IPFV
tago'	papagtaguan	CAUS;DIR;NFIN
lakas	magpalakas	CAUS;A1F;NFIN
buhay	kabubuhay	IND;AGFOC;RECPFV
tahi'	maipanahi'	ABLTV;Distributive;BFOC;NFIN
balik	balikan	IND;DIR;NFIN
sama	sumama	IND;AGFOC;PFV
sunod	sumunod	IND;AGFOC;PFV
tawa	makapagpatawa	ABLTV;CAUS;AGFOC;NFIN
ngiti	pangitian	CAUS;DIR;NFIN
higa	maghiga'	IND;AGFOC;NFIN
galing	nanggagaling	IND;AGFOC;IPFV
ligaw	naliligaw	IND;AGFOC;IPFV
sama	isama	IND;PFOC;NFIN
intindi	magintindi	IND;AGFOC;NFIN
sunog	maipasunog	ABLTV;CAUS;PFOC;NFIN
bura	ipabura	CAUS;PFOC;NFIN
sigaw	magsigawan	RECP;AGFOC;PL;NFIN
tayo'	makapagpatayo'	ABLTV;CAUS;AGFOC;NFIN
lakad	magpalakad	CAUS;A1F;NFIN
ipon	inipon	IND;PFOC;PFV
sama	sasama	IND;AGFOC;PROSP
patay	pinapatay	IND;PFOC;IPFV
baba'	bumaba'	IND;AGFOC;PFV
tago'	mapagtaguan	ABLTV;DIR;NFIN
mali	nagkamali'	IND;AGFOC;PFV
abot	inaabot	IND;PFOC;IPFV
ipon	ipaipon	CAUS;PFOC;NFIN
pansin	kapapansin	IND;AGFOC;RECPFV
linis	papaglinisin	CAUS;A2F;NFIN
pili'	pumili'	IND;AGFOC;PFV
balik	magbalik	IND;AGFOC;NFIN
gawa'	gumawa'	IND;AGFOC;PFV
hinto'	maghinto'	IND;AGFOC;NFIN
lipat	maglilipat	IND;AGFOC;PROSP
tikim	tikman	IND;PFOC;NFIN
pinta	nagpinta	IND;AGFOC;PFV
sakay	isinasakay	IND;PFOC;IPFV
alis	umalis	IND;AGFOC;PFV
luto'	iluto'	IND;PFOC;NFIN
sulat	isulat	IND;PFOC;NFIN
ganti	makaganti	ABLTV;AGFOC;NFIN
sugal	ipapangsugal	CAUS;IFOC;NFIN
ayos	ayusin	IND;PFOC;NFIN
tawid	magtatawid	IND;AGFOC;PROSP
galaw	ginalaw	IND;PFOC;PFV
kilos	makakilos	ABLTV;AGFOC;NFIN
laro	kalalaro'	IND;AGFOC;RECPFV
yakap	yayakap	IND;AGFOC;PROSP
mahal	magmahal	IND;AGFOC;NFIN
ngiti	ngumiti'	IND;AGFOC;PFV
upo'	maupo'	IND;AGFOC;NFIN
bayad	bayaran	IND;DIR;NFIN
gulo	ginugulo	IND;PFOC;IPFV
ligpit	nagligpit	IND;AGFOC;PFV
pasok	ipasok	IND;PFOC;NFIN
tawid	pagtawirin	CAUS;A2F;NFIN
sugal	pagsugalin	CAUS;A2F;NFIN
tawid	magtawld	IND;AGFOC;NFIN
handa'	makapagpahanda'	ABLTV;CAUS;AGFOC;NFIN
ganap	magpaganap	CAUS;A1F;NFIN
kasal	ikakasal	IND;PFOC;PROSP
saya	papagsayahin	CAUS;A2F;NFIN
sali	isali	IND;PFOC;NFIN
tawid	itinawid	IND;PFOC;PFV
dala	maipagdala	ABLTV;BFOC;NFIN
hinto'	ihinto'	IND;PFOC;NFIN
lakas	linakasan	IND;PFOC;PFV
paligo'	magpaligo'	IND;AGFOC;NFIN
bukas	pagbukasin	CAUS;A2F;NFIN
tulong	patulungin	CAUS;A2F;NFIN
umpisa	papagumpisahin	CAUS;A2F;NFIN
pasalubong	maipapasalubong	CAUS;A1F;NFIN
salita'	kasasalita'	IND;AGFOC;RECPFV
ganap	ganapin	IND;PFOC;NFIN
gupit	manggupit	Distributive;AGFOC;NFIN
puno'	magpuno'	IND;AGFOC;NFIN
hatid	papaghatirin	CAUS;A2F;NFIN
sugal	nagsugal	IND;AGFOC;PFV
ganap	gumaganap	IND;AGFOC;IPFV
takip	takpan	IND;PFOC;NFIN
uwi'	iuuwi'	IND;PFOC;PROSP
pilit	ipipilit	IND;PFOC;PROSP
hagis	maihagis	ABLTV;PFOC;NFIN
bawal	ibinawal	IND;PFOC;PFV
takot	matatakot	IND;AGFOC;PROSP
kuha	kinukuha	IND;PFOC;IPFV
linis	linisin	IND;PFOC;NFIN
haba'	humaba'	IND;AGFOC;NFIN
talon	matalon	ABLTV;LFOC;NFIN
tawag	magpatawag	CAUS;A1F;NFIN
gupit	gupitin	IND;PFOC;NFIN
galing	ikagaling	IND;RFOC;NFIN
lipat	inilipat	IND;PFOC;PFV
abot	nagaabot	IND;AGFOC;IPFV
galing	gumaling	IND;AGFOC;PFV
init	kaiinit	IND;AGFOC;RECPFV
pasyal	papagpasyalan	CAUS;DIR;NFIN
hanap	hanapin	IND;PFOC;NFIN
hinga	naghihinga	IND;AGFOC;IPFV
gawa'	pagawain	CAUS;A2F;NFIN
patay	magpatay	IND;AGFOC;NFIN
umpisa	nagumpisa	IND;AGFOC;PFV
paligo'	paliliguan	IND;PFOC;PROSP
layo'	inilayo'	IND;PFOC;PFV
salubong	magkasalubong	RECP;AGFOC;PL;NFIN
hiram	hinihiram	IND;PFOC;IPFV
tuto	natuto	IND;AGFOC;PFV
bawal	bawalan	IND;DIR;NFIN
takot	katakutan	IND;DIR;NFIN
lamig	makalamig	ABLTV;RFOC;NFIN
laban	kalabanin	IND;DIR;NFIN
luto'	makapagluto'	ABLTV;AGFOC;NFIN
sali	magsasali	IND;AGFOC;PROSP
dating	maratnan	Accidental;DIR;NFIN
tingin	tingnan	IND;DIR;NFIN
pansin	papansin	IND;AGFOC;PROSP
tapos	nagtatapos	IND;AGFOC;IPFV
lagay	paglagayin	CAUS;A2F;NFIN
laro	makipaglaro'	Associative;AGFOC;NFIN
tawid	itawld	IND;PFOC;NFIN
punas	punasan	IND;PFOC;NFIN
saya	magsaya	IND;AGFOC;NFIN
ganda	gumanda	IND;AGFOC;NFIN
basa	bumasa	IND;AGFOC;NFIN
ligaw	makapanligaw	ABLTV;Distributive;AGFOC;NFIN
kuha	kumuha	IND;AGFOC;NFIN
lipad	lumipad	IND;AGFOC;PFV
kain	kainin	IND;PFOC;NFIN
balita'	balitaan	IND;DIR;NFIN
sulat	kasusulat	IND;AGFOC;RECPFV
panalo	nananalo	IND;AGFOC;IPFV
ligo'	maliligo'	IND;AGFOC;PROSP
punta	pupuntahan	CAUS;A2F;NFIN
gawa'	gumawa'	IND;AGFOC;NFIN
pinta	papintahan	CAUS;DIR;NFIN
laban	mapalaban	Involuntary;AGFOC;NFIN
takip	nagtakip	IND;AGFOC;PFV
dilig	kadidilig	IND;AGFOC;RECPFV
pasok	ipapasok	IND;PFOC;PROSP
patay	papatay	IND;AGFOC;PROSP
lipat	palipatin	CAUS;A2F;NFIN
dala	makapagdala	ABLTV;AGFOC;NFIN
laba	nilalabhan	IND;PFOC;IPFV
tapos	tatapusin	IND;PFOC;PROSP
saya	makapagsaya	ABLTV;AGFOC;NFIN
pasalubong	ipinapasalubong	IND;PFOC;IPFV
limot	makalimutan	ABLTV;DIR;NFIN
galit	magalit	IND;AGFOC;NFIN
bili	bumili	IND;AGFOC;NFIN
laban	paglabanan	IND;RFOC;NFIN
limot	malimutan	ABLTV;DIR;NFIN
bayad	maipambayad	ABLTV;IFOC;NFIN
punit	papunitin	CAUS;A2F;NFIN
laro	paglaruin	CAUS;A2F;NFIN
suot	isusuot	IND;PFOC;PROSP
pangako	mangako	IND;AGFOC;NFIN
sagot	isagot	IND;PFOC;NFIN
alala	nagaalala	IND;AGFOC;IPFV
dasal	padasalan	CAUS;DIR;NFIN
alala	makaalala	ABLTV;AGFOC;NFIN
suot	magsusuot	IND;AGFOC;PROSP
laba	linalabhan	IND;PFOC;IPFV
akyat	akyatan	IND;DIR;NFIN
linis	kalilinis	IND;AGFOC;RECPFV
halik	pahalikan	CAUS;DIR;NFIN
suot	kasusuot	IND;AGFOC;RECPFV
hagis	maghagis	IND;AGFOC;NFIN
patuloy	papagpatuluyin	CAUS;A2F;NFIN
damdam	maramdaman	IND;PFOC;NFIN
alis	magalas	IND;AGFOC;NFIN
pansin	pinapansin	IND;PFOC;IPFV
liko'	liliko'	IND;AGFOC;PROSP
tayo'	papagtayuin	CAUS;A2F;NFIN
bayad	makapagbayad	ABLTV;AGFOC;NFIN
haba'	pahabain	CAUS;A2F;NFIN
gamit	gamitin	IND;PFOC;NFIN
plantsa	maplantsa	ABLTV;PFOC;NFIN
bili	pabilhan	CAUS;DIR;NFIN
mahal	nagmahal	IND;AGFOC;PFV
sira'	nasira'	IND;PFOC;PFV
gamit	ginagamit	IND;PFOC;IPFV
ligpit	magpaligpit	CAUS;A1F;NFIN
galing	gumaling	IND;AGFOC;NFIN
galit	magalit	IND;AGFOC;NFIN
basag	ipabasag	CAUS;PFOC;NFIN
buhat	buhatin	IND;PFOC;NFIN
tinda	itinitinda	IND;PFOC;IPFV
panood	manood	IND;AGFOC;NFIN
handa'	naghanda'	IND;AGFOC;PFV
patuloy	makapagpatuloy	ABLTV;AGFOC;NFIN
lagay	maglalagay	IND;AGFOC;PROSP
kita	maipakita	ABLTV;CAUS;PFOC;NFIN
liko'	kaliliko	IND;AGFOC;RECPFV
bili	maibili	ABLTV;BFOC;NFIN
upo'	mauupo'	IND;AGFOC;PROSP
tayo'	tumayo'	IND;AGFOC;PFV
kilos	magpakilos	CAUS;A1F;NFIN
sauli'	isasauli'	IND;PFOC;PROSP
ganap	paganapin	CAUS;A2F;NFIN
ganda	gumanda	IND;AGFOC;PFV
liko'	likuan	IND;DIR;NFIN
ipon	makapagipon	ABLTV;AGFOC;NFIN
bati'	mapagbati'	ABLTV;CAUS;PFOC;NFIN
lapit	palapitin	CAUS;A2F;NFIN
pakinig	nakikinig	IND;AGFOC;IPFV
limot	limutin	IND;DIR;NFIN
tigil	maitigil	ABLTV;PFOC;NFIN
dagdag	idinagdag	IND;PFOC;PFV
ligpit	maligpit	ABLTV;PFOC;NFIN
tayo'	itayo'	IND;PFOC;NFIN
sikap	sinisikap	IND;PFOC;IPFV
daan	daanan	IND;DIR;NFIN
kilos	kumikilos	IND;AGFOC;IPFV
balik	magbabalik	IND;AGFOC;PROSP
sabi	makapagsabi	ABLTV;AGFOC;NFIN
huli	ipahuli	CAUS;PFOC;NFIN
hatid	ihinahatid	IND;PFOC;IPFV
akyat	nagakyat	IND;AGFOC;PFV
ganap	ganapin	IND;DIR;NFIN
bihis	magbihis	IND;AGFOC;NFIN
hinga	ihinga	IND;PFOC;NFIN
sugal	magsugal	IND;AGFOC;NFIN
uwi'	umuwi'	IND;AGFOC;NFIN
handa'	inihanda'	IND;PFOC;PFV
tuto	matutuhan	IND;PFOC;NFIN
palaki	magpapalaki	IND;AGFOC;PROSP
ibig	paibigin	CAUS;A2F;NFIN
patuloy	ipagpatuloy	IND;PFOC;NFIN
ganap	ipaganap	CAUS;PFOC;NFIN
balik	maibalik	ABLTV;PFOC;NFIN
yakap	makayakap	ABLTV;AGFOC;NFIN
ganda	gandahan	IND;PFOC;NFIN
hagis	magpahagis	CAUS;A1F;NFIN
palit	palitan	IND;PFOC;NFIN
saya	nagsasaya	IND;AGFOC;IPFV
sakay	pasakayin	CAUS;PFOC;NFIN
punas	kapupunas	IND;AGFOC;RECPFV
sama	nagpasama	IND;AGFOC;IPFV
sakit	sumakit	IND;AGFOC;NFIN
tawid	nagtawid	IND;AGFOC;PFV
sukat	sumukat	IND;AGFOC;NFIN
bayad	pagbayarin	CAUS;A2F;NFIN
galit	nagalit	IND;AGFOC;PFV
labas	inilalabas	IND;PFOC;IPFV
hinto'	magpahinto'	CAUS;A1F;NFIN
hugas	maghugas	IND;AGFOC;NFIN
pangako	kapapangako	IND;AGFOC;RECPFV
dalaw	makadalaw	ABLTV;AGFOC;NFIN
hingi'	humingi'	IND;AGFOC;NFIN
gupit	gugupit	IND;AGFOC;PROSP
intindi	magintindi	IND;AGFOC;NFIN
tayo'	tatayo'	IND;AGFOC;PROSP
init	naginit	IND;AGFOC;PFV
higa	higaan	IND;DIR;NFIN
init	papaginitin	CAUS;A2F;NFIN
patay	mamatay	IND;PFOC;NFIN
panalo	pinapanalunan	IND;PFOC;IPFV
turo'	pagturuin	CAUS;A2F;NFIN
laban	papaglabanin	CAUS;DIR;NFIN
laba	lalabhan	IND;PFOC;PROSP
salita'	nagsasalita'	IND;AGFOC;IPFV
tawid	patawirin	CAUS;A2F;NFIN
akyat	pagakyatin	CAUS;A2F;NFIN
punit	makapunit	ABLTV;AGFOC;NFIN
patingin	magpatingin	IND;AGFOC;NFIN
sukat	masukatan	ABLTV;DIR;NFIN
upo'	maupo'	IND;AGFOC;NFIN
bukas	binubuksan	IND;PFOC;IPFV
ligaw	lumigaw	IND;AGFOC;NFIN
hagis	hagisan	IND;DIR;NFIN
habol	ipahabol	CAUS;PFOC;NFIN
buhay	makabuhay	ABLTV;AGFOC;NFIN
ingay	maingayan	IND;AGFOC;NFIN
bukas	bumukas	IND;PFOC;NFIN
tago'	itago'	IND;PFOC;NFIN
kanta	kumanta	IND;AGFOC;NFIN
lagay	maglagay	IND;AGFOC;NFIN
tigil	katitigil	IND;PFOC;RECPFV
balik	mabalikan	ABLTV;DIR;NFIN
ligaw	makaligaw	ABLTV;AGFOC;NFIN
laro	ipalaro'	CAUS;PFOC;NFIN
ayos	nagaayos	IND;AGFOC;IPFV
basag	basagin	IND;PFOC;NFIN
tigil	patigilan	CAUS;DIR;NFIN
intindi	ipaintindi	CAUS;PFOC;NFIN
sayaw	magpasayaw	CAUS;A1F;NFIN
alis	ipaalis	CAUS;PFOC;NFIN
isip	maisipan	Accidental;PFOC;NFIN
sali	sumali	IND;AGFOC;NFIN
aral	magaaral	IND;AGFOC;PROSP
uwi'	makauwi'	ABLTV;AGFOC;NFIN
lapit	makalapit	ABLTV;AGFOC;NFIN
bihis	nagbibihis	IND;AGFOC;IPFV
higa	nahihiga'	IND;AGFOC;IPFV
dilig	didiligin	IND;PFOC;PROSP
buhat	kabubuhat	IND;AGFOC;RECPFV
asa	umasa	IND;AGFOC;NFIN
galaw	makagalaw	ABLTV;AGFOC;NFIN
trabaho	matrabaho	ABLTV;PFOC;NFIN
bukas	papagbuksin	CAUS;A2F;NFIN
hinga	maghinga	IND;AGFOC;NFIN
sagot	sasagot	IND;AGFOC;PROSP
ganda	magandahan	IND;AGFOC;NFIN
hiya'	mapahiya'	Involuntary;AGFOC;NFIN
sigaw	kasisigaw	IND;AGFOC;RECPFV
sabi	magsabi	IND;AGFOC;NFIN
pinta	mapintahan	ABLTV;DIR;NFIN
laro	magpalaro'	CAUS;A1F;NFIN
balita'	magpabalita'	CAUS;A1F;NFIN
handa'	maghahanda'	IND;AGFOC;PROSP
labas	kalalabas	IND;AGFOC;RECPFV
layo'	malayfian	IND;AGFOC;NFIN
puno'	kapopuno'	IND;AGFOC;RECPFV
gutom	magutom	IND;AGFOC;NFIN
hiram	ihiram	IND;BFOC;NFIN
ipon	kaiipon	IND;AGFOC;RECPFV
dagdag	madagdagan	ABLTV;DIR;NFIN
kagat	kakakagat	IND;AGFOC;RECPFV
laba	maglaba	IND;AGFOC;NFIN
sali	salihan	IND;DIR;NFIN
abot	nagabot	IND;AGFOC;PFV
tawa	tumatawa	IND;AGFOC;IPFV
bati'	magbabati	IND;AGFOC;PROSP
hiwa'	mahiwaan	ABLTV;DIR;NFIN
laro	pinaglalaruan	IND;PFOC;IPFV
trabaho	tinatrabaho	IND;PFOC;IPFV
basag	mabasag	Accidental;PFOC;NFIN
dagdag	pagdagdagin	CAUS;A2F;NFIN
tawid	magtawld	IND;AGFOC;NFIN
sama	ipasama	CAUS;PFOC;NFIN
panalo	manalo	IND;AGFOC;NFIN
hiya'	mahiya'	IND;AGFOC;NFIN
sara	sarhan	IND;DIR;NFIN
sukat	sinusukat	IND;PFOC;IPFV
hawak	pahawakan	CAUS;DIR;NFIN
inom	mainuman	ABLTV;LFOC;NFIN
tahi'	tumahi'	IND;AGFOC;NFIN
plantsa	makapamalantsa	ABLTV;Distributive;AGFOC;NFIN
aksaya	aksayahin	IND;PFOC;NFIN
kain	kinain	IND;PFOC;PFV
bawal	maibawal	ABLTV;PFOC;NFIN
hanap	hanapin	IND;PFOC;NFIN
inom	makainom	ABLTV;AGFOC;NFIN
handa'	ihahanda'	IND;PFOC;PROSP
galit	mapagalitan	ABLTV;DIR;NFIN
ligo'	maligo'	IND;AGFOC;NFIN
palit	pumalit	IND;AGFOC;PFV
alala	inaalala	IND;PFOC;IPFV
saya	nagsaya	IND;AGFOC;PFV
pasalubong	makapagpasalubong	ABLTV;AGFOC;NFIN
intindi	magpaintindi	CAUS;A1F;NFIN
regalo	makapagregalo	ABLTV;AGFOC;NFIN
pakinig	makikinig	IND;AGFOC;PROSP
uwi'	maguwi'	IND;AGFOC;NFIN
ingay	maiingayan	IND;AGFOC;PROSP
tanggap	tinanggap	IND;PFOC;PFV
away	pagawayin	CAUS;A2F;PL;NFIN
yakap	yumakap	IND;AGFOC;PFV
gamit	gagamitin	IND;PFOC;PROSP
gulat	magugulat	IND;AGFOC;PROSP
pasok	nagpapasok	IND;AGFOC;IPFV
bili	bumibili	IND;AGFOC;IPFV
pasalubong	ipasalubong	IND;PFOC;NFIN
bukas	kabubukas	IND;AGFOC;RECPFV
punit	punitan	IND;DIR;NFIN
sama	magsama	IND;AGFOC;NFIN
baba'	pagbabain	CAUS;A2F;NFIN
linis	naglilinis	IND;AGFOC;IPFV
sayaw	masayaw	ABLTV;PFOC;NFIN
sayaw	pasayawan	CAUS;DIR;NFIN
patuloy	ipapagpatuloy	IND;PFOC;NFIN
iyak	umiyak	IND;AGFOC;PFV
nakaw	nakawin	IND;PFOC;NFIN
gulo	nagulo	IND;AGFOC;PFV
upo'	mapaupo'	Involuntary;AGFOC;NFIN
tigil	matigilan	ABLTV;DIR;NFIN
akyat	magaakyat	IND;AGFOC;PROSP
galaw	gumagalaw	IND;AGFOC;IPFV
akyat	magakyat	IND;AGFOC;NFIN
hinga	kahihinga	IND;AGFOC;RECPFV
laro	linaro'	IND;PFOC;PFV
dilig	magdidilig	IND;AGFOC;PROSP
kanta	maipakanta	ABLTV;CAUS;PFOC;NFIN
alam	alamin	IND;PFOC;NFIN
hanap	pahanapin	CAUS;A2F;NFIN
hinto'	huminto'	IND;AGFOC;PFV
hawak	kahahawak	IND;AGFOC;RECPFV
kita	pakitaan	CAUS;DIR;NFIN
punta	pumunta	IND;AGFOC;NFIN
bihis	ipabihis	CAUS;PFOC;NFIN
sakit	sumakit	IND;AGFOC;PFV
hawak	hawakan	IND;DIR;NFIN
aksaya	makapagaksaya	ABLTV;AGFOC;NFIN
regalo	magregaluhan	RECP;AGFOC;PL;NFIN
dilig	pagdiligin	CAUS;A2F;NFIN
gamot	gamutin	IND;PFOC;NFIN
huli	humuli	IND;AGFOC;NFIN
ayos	ipagayos	IND;BFOC;NFIN
putol	puputol	IND;AGFOC;PROSP
tawid	nagtatawid	IND;AGFOC;IPFV
hinto'	kahihinto'	IND;PFOC;RECPFV
sayaw	sayawin	IND;PFOC;NFIN
bati'	bumabati'	IND;AGFOC;IPFV
gupit	kagugupit	IND;AGFOC;RECPFV
patay	nagpapatay	IND;AGFOC;IPFV
kuha	magpakuha	CAUS;AGFOC;NFIN
pakinig	magpapakinig	CAUS;A1F;NFIN
sara	mapagsarahan	ABLTV;DIR;NFIN
basa	bumasa	IND;AGFOC;NFIN
linis	luminis	IND;PFOC;PFV
halik	kahahalik	IND;AGFOC;RECPFV
panalo	panalunan	IND;PFOC;NFIN
layo'	ilinalayo'	IND;PFOC;IPFV
linis	makapaglinis	ABLTV;AGFOC;NFIN
ipon	ipunin	IND;PFOC;NFIN
hagis	maghagis	IND;AGFOC;NFIN
hugas	huhugasan	IND;PFOC;PROSP
asa	umaasa	IND;AGFOC;IPFV
ingay	naiingayan	IND;AGFOC;IPFV
hiram	manghiram	Distributive;AGFOC;NFIN
palit	pumalit	IND;AGFOC;NFIN
abot	makaabot	ABLTV;AGFOC;NFIN
hinto'	makahinto'	ABLTV;AGFOC;NFIN
kuha	ipakuha	CAUS;PFOC;NFIN
dagdag	idagdag	IND;PFOC;NFIN
tikim	patikimin	CAUS;A2F;NFIN
aral	pinagaaralan	IND;PFOC;IPFV
kanta	kakanta	IND;AGFOC;PROSP
turo'	ituro'	IND;PFOC;NFIN
sauli'	magsauli'	IND;AGFOC;NFIN
kuha	kunan	IND;DIR;NFIN
higa	inihiga'	IND;PFOC;PFV
dasal	dasalin	IND;PFOC;NFIN
alala	aalalahanin	IND;PFOC;PROSP
ganti	maiganti	ABLTV;BFOC;NFIN
tanim	nagtanim	IND;AGFOC;PFV
linis	maipanglinis	ABLTV;IFOC;NFIN
labas	maglabas	IND;AGFOC;NFIN
alam	kaaalam	IND;PFOC;RECPFV
kasal	ikasal	IND;PFOC;NFIN
gupit	paggupitin	CAUS;A2F;NFIN
alis	papagalisan	CAUS;A2F;NFIN
galaw	gagalaw	IND;AGFOC;PROSP
kagat	kagatin	IND;PFOC;NFIN
hatid	maipaghatid	ABLTV;BFOC;NFIN
gamot	magpagamot	CAUS;A1F;NFIN
gamot	naggamot	IND;AGFOC;PFV
lakad	palakarin	CAUS;A2F;NFIN
halo'	papaghaluin	CAUS;A2F;NFIN
umpisa	paumpisahan	CAUS;PFOC;NFIN
kagat	makagat	ABLTV;PFOC;NFIN
linis	ipalinis	IND;RFOC;NFIN
sigaw	makasigaw	ABLTV;AGFOC;NFIN
paalam	magpaalam	IND;AGFOC;NFIN
kanta	magkantahan	RECP;AGFOC;PL;NFIN
tanong	magpatanong	CAUS;A1F;NFIN
damdam	nakararamdam	IND;AGFOC;IPFV
sakay	papasakyan	CAUS;LFOC;NFIN
paligo'	magpapaligo'	CAUS;A1F;NFIN
bukas	magpabukas	CAUS;A1F;NFIN
sukat	magsukat	IND;AGFOC;NFIN
kanta	pakantahan	CAUS;DIR;NFIN
sira'	siraan	IND;DIR;NFIN
pasok	pagpasukin	CAUS;A2F;NFIN
pakiusap	makiusap	IND;AGFOC;NFIN
labas	ilalabas	IND;PFOC;PROSP
bawal	magpabawal	CAUS;A1F;NFIN
kasal	kakakasal	IND;PFOC;RECPFV
alala	alalahanin	IND;PFOC;NFIN
tanggap	tatanggapin	IND;PFOC;PROSP
higa	ihiga'	IND;PFOC;NFIN
sama	magkasama	IND;AGFOC;PL;NFIN
mali	nagkakamali'	IND;AGFOC;IPFV
dating	dumating	IND;AGFOC;NFIN
trabaho	pagtrabahuhin	CAUS;A2F;NFIN
takip	magtakip	IND;AGFOC;NFIN
dala	dalhan	IND;PFOC;NFIN
sikap	magsumikap	Intensive;AGFOC;NFIN
handa'	mapagpahanda'	ABLTV;CAUS;A2F;NFIN
ligo'	makaligo'	ABLTV;AGFOC;NFIN
salita'	nagsalita'	IND;AGFOC;PFV
gising	kagigising	IND;AGFOC;RECPFV
alis	magaalis	IND;AGFOC;PROSP
gamot	ipagamot	CAUS;PFOC;NFIN
palaki	pinapalaki	IND;PFOC;IPFV
sulat	sinulat	IND;PFOC;PFV
aral	ipaaral	CAUS;PFOC;NFIN
bili	maipambili	ABLTV;IFOC;NFIN
maneho	magpamaneho	CAUS;A1F;NFIN
harap	harapin	IND;DIR;NFIN
laba	labahan	IND;PFOC;NFIN
ipon	iniipon	IND;PFOC;IPFV
laban	lalaban	IND;AGFOC;PROSP
abot	makapagabot	ABLTV;AGFOC;NFIN
punas	papunasan	CAUS;PFOC;NFIN
pinta	ipinta	IND;PFOC;NFIN
suot	sumuot	IND;AGFOC;PFV
hingi'	humingi'	IND;AGFOC;PFV
sama	sumasama	IND;AGFOC;IPFV
maneho	ipamaneho	CAUS;PFOC;NFIN
layo'	mailayo'	ABLTV;PFOC;NFIN
tugtog	tumugtog	IND;AGFOC;PFV
habol	humabol	IND;AGFOC;PFV
plantsa	makapagplantsa	ABLTV;AGFOC;NFIN
pagbili	magbili	IND;AGFOC;NFIN
dilig	didiligan	IND;PFOC;PROSP
linis	ipanglinis	IND;IFOC;NFIN
gupit	pagupitin	CAUS;A2F;NFIN
suot	isuot	IND;PFOC;NFIN
abot	magaabot	IND;AGFOC;PROSP
inom	inurnin	IND;PFOC;NFIN
panalo	mapanalunan	ABLTV;PFOC;NFIN
abot	aabutin	IND;PFOC;PROSP
luto'	nagluluto'	IND;AGFOC;IPFV
init	magiinit	IND;AGFOC;PROSP
regalo	ireregalo	IND;PFOC;PROSP
galit	kagalitan	IND;DIR;NFIN
biro'	magbiro'	Intensive;AGFOC;NFIN
tinda	magpatinda	CAUS;A1F;NFIN
langoy	ipalangoy	CAUS;DIR;NFIN
sali	isinali	IND;PFOC;PFV
hiram	hiraman	IND;DIR;NFIN
sulat	sulatin	IND;PFOC;NFIN
bili	bilhan	IND;DIR;NFIN
ipon	ipunin	IND;PFOC;NFIN
mahal	magmamahal	IND;AGFOC;PROSP
ligpit	mailigpit	ABLTV;PFOC;NFIN
bigo'	nabigo'	IND;AGFOC;PFV
laban	palabanin	CAUS;A2F;NFIN
handa'	maghanda'	IND;AGFOC;NFIN
ibig	ipaibig	CAUS;PFOC;NFIN
punas	pagpunasin	CAUS;A2F;NFIN
isip	makapagisip	ABLTV;AGFOC;NFIN
halik	humahalik	IND;AGFOC;IPFV
punit	mapunitan	ABLTV;DIR;NFIN
tuloy	ituloy	IND;PFOC;NFIN
hiram	pahiraman	CAUS;A2F;NFIN
bihis	mabihisan	ABLTV;DIR;NFIN
tawid	itinatawid	IND;PFOC;IPFV
labas	lumabas	IND;AGFOC;NFIN
alis	makapagalas	ABLTV;AGFOC;NFIN
labas	naglabas	IND;AGFOC;PFV
tapos	tinatapos	IND;PFOC;IPFV
galit	ikagalit	IND;RFOC;NFIN
gamot	ipanggamot	IND;IFOC;NFIN
punta	mapapunta	Involuntary;AGFOC;NFIN
sira'	sirain	IND;PFOC;NFIN
laro	makapaglaro'	ABLTV;AGFOC;NFIN
panalo	panalunan	IND;PFOC;NFIN
isip	iniisip	IND;PFOC;IPFV
turo'	ipaturo'	CAUS;PFOC;NFIN
tapos	ipatapos	CAUS;PFOC;NFIN
puno'	nagpuno'	IND;AGFOC;PFV
lakad	malakad	ABLTV;DIR;NFIN
tapos	magtapos	IND;AGFOC;NFIN
galit	pagalitin	CAUS;A2F;NFIN
pagbili	pagbilhan	IND;DIR;NFIN
liko'	makaliko'	ABLTV;AGFOC;NFIN
inom	inuman	IND;LFOC;NFIN
tingin	tignan	IND;DIR;NFIN
dinig	marinig	ABLTV;PFOC;NFIN
patingin	pinatingnan	IND;PFOC;PFV
hagis	mapahagis	Involuntary;AGFOC;NFIN
isip	maisip	ABLTV;PFOC;NFIN
puno'	mapuno'	ABLTV;PFOC;NFIN
uwi'	maguuwi'	IND;AGFOC;PROSP
kausap	makausap	ABLTV;DIR;NFIN
sulat	isulat	IND;PFOC;NFIN
laro	papaglaruan	CAUS;PFOC;NFIN
ipon	maiipon	IND;PFOC;PROSP
dilig	makapagdilig	ABLTV;AGFOC;NFIN
liko'	palikuin	CAUS;PFOC;NFIN
sara	kasasara	IND;PFOC;RECPFV
balik	kababalik	IND;PFOC;RECPFV
tanggap	tumanggap	IND;AGFOC;NFIN
init	initin	IND;PFOC;NFIN
puno'	makapuno'	ABLTV;AGFOC;NFIN
maneho	magmamaneho	IND;AGFOC;PROSP
pangako	mangangako	IND;AGFOC;PROSP
uwi'	magpauwi'	CAUS;A1F;NFIN
kita	ipakita	CAUS;PFOC;NFIN
trabaho	magtrabaho	IND;AGFOC;NFIN
gasta	ipagasta	CAUS;PFOC;NFIN
damdam	nakaramdam	IND;AGFOC;PFV
bilang	bilangan	IND;DIR;NFIN
bukas	kabubukas	IND;PFOC;RECPFV
tugtog	patugtugin	CAUS;A2F;NFIN
ingay	umingay	IND;AGFOC;NFIN
sali	makapagsali	ABLTV;AGFOC;NFIN
pagkaroon	magkakaroon	IND;AGFOC;PROSP
bayad	ipapambayad	CAUS;IFOC;NFIN
higa	humiga'	IND;AGFOC;NFIN
tuloy	makatuloy	ABLTV;AGFOC;NFIN
sali	pasalihin	CAUS;PFOC;NFIN
alam	ipaalam	CAUS;PFOC;NFIN
hiram	hiramin	IND;PFOC;NFIN
pilit	napilitan	IND;AGFOC;PFV
lakas	lalakasan	IND;PFOC;PROSP
ligaw	paligawan	CAUS;DIR;NFIN
pinta	pagpintahin	CAUS;A2F;NFIN
ibig	kaiibig	IND;AGFOC;RECPFV
sunog	nagsunog	IND;AGFOC;PFV
baba'	maibaba'	ABLTV;PFOC;NFIN
gamit	ginamit	IND;PFOC;PFV
ibig	iniibig	IND;PFOC;IPFV
palit	magpapalit	IND;AGFOC;PROSP
harap	humarap	IND;AGFOC;NFIN
hanap	humanap	IND;AGFOC;NFIN
biro'	makabiro'	ABLTV;AGFOC;NFIN
asa	kaaasa	IND;AGFOC;RECPFV
dala	dadalhan	IND;PFOC;PROSP
bigay	ibigay	IND;PFOC;NFIN
alaga'	magalaga'	IND;AGFOC;NFIN
hawak	humahawak	IND;AGFOC;IPFV
maneho	mamaneho	ABLTV;PFOC;NFIN
takip	mapagtakpan	ABLTV;DIR;NFIN
kuha	maikuha	ABLTV;BFOC;NFIN
bigay	papagbigayin	CAUS;A2F;NFIN
laba	naglaba	IND;AGFOC;PFV
lagay	mailagay	ABLTV;PFOC;NFIN
plantsa	plantsahin	IND;PFOC;NFIN
buhay	mabuhay	IND;AGFOC;NFIN
bawal	ibinabawal	IND;PFOC;IPFV
paligo'	magpapaligo'	IND;AGFOC;PROSP
regalo	magparegalo	CAUS;A1F;NFIN
ligpit	iligpit	IND;PFOC;NFIN
handa'	mapaghandaan	ABLTV;BFOC;NFIN
pasok	magpasok	IND;AGFOC;NFIN
hagis	papaghagisin	CAUS;A2F;NFIN
panalo	makapanalo	ABLTV;AGFOC;NFIN
tawa	makatawa	ABLTV;AGFOC;NFIN
gulo	guluhin	IND;PFOC;NFIN
bigay	nagbibigay	IND;AGFOC;IPFV
panalo	mananalo	IND;AGFOC;PROSP
dating	kadarating	IND;AGFOC;RECPFV
kasal	magpakasal	CAUS;A1F;NFIN
dalaw	dumalaw	IND;AGFOC;NFIN
nakaw	ipanakaw	CAUS;PFOC;NFIN
sunog	makapagsunog	ABLTV;AGFOC;NFIN
bura	nagbura	IND;AGFOC;PFV
suot	ipasuot	CAUS;PFOC;NFIN
mali	magkamali'	IND;AGFOC;NFIN
sikap	sikapin	IND;PFOC;NFIN
upo'	upuan	IND;DIR;NFIN
bura	mabura	ABLTV;PFOC;NFIN
halo'	ihinahalo'	IND;PFOC;IPFV
hingi'	ipahingi'	CAUS;PFOC;NFIN
sigaw	sumigaw	IND;AGFOC;NFIN
akyat	magpaakyat	CAUS;A1F;NFIN
bawal	ibawal	IND;PFOC;NFIN
takot	takutin	IND;PFOC;NFIN
harap	humarap	IND;AGFOC;PFV
bukas	magbukas	IND;AGFOC;NFIN
dalaw	dalawin	IND;DIR;NFIN
sira'	pasiraan	CAUS;PFOC;NFIN
tayo'	maitayo'	ABLTV;PFOC;NFIN
saya	sumaya	IND;AGFOC;NFIN
alis	alisin	IND;PFOC;NFIN
bukas	nagbubukas	IND;AGFOC;IPFV
ipon	maipon	IND;PFOC;NFIN
tikim	magpatikim	CAUS;A1F;NFIN
galing	manggaling	IND;AGFOC;NFIN
suot	suutan	IND;DIR;NFIN
pasalubong	papasalubungan	CAUS;DIR;NFIN
hingi'	hinihingi'	IND;PFOC;IPFV
tapos	matapos	ABLTV;PFOC;NFIN
pilit	ipilit	IND;PFOC;NFIN
kilala	kinilala	IND;PFOC;PFV
kanta	ipakanta	CAUS;PFOC;NFIN
tahi'	makapanahi'	ABLTV;Distributive;AGFOC;NFIN
hila	humila	IND;AGFOC;NFIN
alaga'	makapagalaga'	ABLTV;AGFOC;NFIN
hinga	hingahan	IND;DIR;NFIN
higa	humihiga'	IND;AGFOC;IPFV
inom	mainom	ABLTV;PFOC;NFIN
hugas	maghugas	IND;AGFOC;NFIN
galaw	kagagalaw	IND;AGFOC;RECPFV
asa	maasahan	ABLTV;DIR;NFIN
baba'	makapagbaba'	ABLTV;AGFOC;NFIN
trabaho	trinabaho	IND;PFOC;NFIN
kopya	kokopya	IND;AGFOC;PROSP
yakap	yumakap	IND;AGFOC;NFIN
kain	kanin	IND;PFOC;NFIN
higa	kahihiga'	IND;AGFOC;RECPFV
pili'	pipili'	IND;AGFOC;PROSP
halik	mahalikan	ABLTV;DIR;NFIN
patay	papatayin	IND;PFOC;PROSP
lakad	lakaran	IND;DIR;NFIN
sara	pasarahan	CAUS;DIR;NFIN
gutom	gutumin	IND;PFOC;NFIN
patuloy	ipinagpapatuloy	IND;PFOC;PFV
gamit	ginagamit	IND;AGFOC;IPFV
labas	makalabas	ABLTV;AGFOC;NFIN
salubong	sinasalubong	IND;AGFOC;IPFV
gasta	gagastahin	IND;PFOC;PROSP
labas	malabas	ABLTV;PFOC;NFIN
salita'	magsasalita'	IND;AGFOC;PROSP
sukat	susukatin	IND;PFOC;PROSP
balik	ibinabalik	IND;PFOC;IPFV
palaki	palakihin	IND;PFOC;NFIN
puno'	mapupuno'	IND;PFOC;PROSP
bigay	ipabigay	CAUS;PFOC;NFIN
takot	natatakot	IND;AGFOC;IPFV
sigaw	sumigaw	IND;AGFOC;PFV
sukat	isukat	IND;PFOC;NFIN
tanong	itatanong	IND;PFOC;PROSP
higa	inihihiga'	IND;PFOC;IPFV
pasok	pumapasok	IND;AGFOC;IPFV
punas	makapagpunas	ABLTV;AGFOC;NFIN
ingay	ikaingay	IND;RFOC;NFIN
lapit	lumapit	IND;AGFOC;PFV
hinto'	mapahinto'	Involuntary;AGFOC;NFIN
sagot	sumagot	IND;AGFOC;NFIN
init	uminit	IND;AGFOC;NFIN
lipad	makalipad	ABLTV;AGFOC;NFIN
patay	pagpatayin	CAUS;A2F;NFIN
linis	lilinis	IND;PFOC;PROSP
alis	nagaalis	IND;AGFOC;IPFV
palit	maipalit	ABLTV;PFOC;NFIN
pinta	pintahan	IND;DIR;NFIN
sara	masarahan	ABLTV;DIR;NFIN
sagot	makasagot	ABLTV;AGFOC;NFIN
huli	ihuli	IND;BFOC;NFIN
liko'	lumiko'	IND;AGFOC;NFIN
trabaho	trabahuhin	IND;PFOC;NFIN
lakas	palakasin	CAUS;A2F;NFIN
patay	mamamatay	IND;PFOC;PROSP
puno'	magpupuno'	IND;AGFOC;PROSP
gawa'	gagawin	IND;PFOC;PROSP
hiwa'	mahiwa'	ABLTV;PFOC;NFIN
lipat	lilipat	IND;AGFOC;PROSP
pakilala	nagpapakilala	IND;AGFOC;IPFV
halik	hahalik	IND;AGFOC;PROSP
hatid	makapaghatid	ABLTV;AGFOC;NFIN
punta	makapunta	ABLTV;AGFOC;NFIN
lipat	ilipat	IND;PFOC;NFIN
dasal	dasalan	IND;DIR;NFIN
pangako	ipinapangako	IND;PFOC;IPFV
kausap	kausapin	IND;DIR;NFIN
gupit	gugupitin	IND;PFOC;PROSP
tulog	makapagpatulog	ABLTV;CAUS;A1F;NFIN
luto'	mailuto'	ABLTV;PFOC;NFIN
tuto	matutunan	IND;PFOC;NFIN
patingin	pinatignan	IND;PFOC;PFV
limot	ipalimot	CAUS;PFOC;NFIN
laro	maglaro'	IND;AGFOC;NFIN
sali	kasasali	IND;AGFOC;RECPFV
hila	hilahin	IND;PFOC;NFIN
regalo	iregalo	IND;PFOC;NFIN
hiwa'	ihiwa'	IND;BFOC;NFIN
nakaw	manakaw	ABLTV;PFOC;NFIN
tanong	ipatanong	CAUS;PFOC;NFIN
laban	kalalaban	IND;AGFOC;RECPFV
ibig	umibig	IND;AGFOC;NFIN
lagay	paglagyan	IND;LFOC;NFIN
langoy	languyin	IND;DIR;NFIN
abot	umaabot	IND;AGFOC;IPFV
hagis	ipanghagis	IND;IFOC;NFIN
regalo	nagregalo	IND;AGFOC;PFV
tinda	ipatinda	CAUS;PFOC;NFIN
intindi	papagintindihin	CAUS;A2F;NFIN
tikim	tumikim	IND;AGFOC;NFIN
salita'	makapagsalita'	ABLTV;AGFOC;NFIN
labas	paglabasin	CAUS;A2F;NFIN
plantsa	pinaplantsa	IND;PFOC;IPFV
habol	humabol	IND;AGFOC;NFIN
gawa'	gawan	IND;DIR;NFIN
gamit	magamit	ABLTV;PFOC;NFIN
labas	mapalabas	ABLTV;CAUS;A2F;NFIN
bigo'	kabibigo'	IND;AGFOC;RECPFV
hanap	pahanapan	CAUS;DIR;NFIN
abot	magabot	IND;AGFOC;NFIN
hintay	hinihintay	IND;PFOC;IPFV
kopya	ipagpakopya	CAUS;BFOC;NFIN
unawa'	unawain	IND;DIR;NFIN
bihis	pagbihisin	CAUS;A2F;NFIN
galaw	ipagalaw	CAUS;PFOC;NFIN
dinig	paringgan	CAUS;DIR;NFIN
takip	tinakpan	IND;PFOC;PFV
ayos	nagayos	IND;AGFOC;PFV
bigay	ibinigay	IND;PFOC;PFV
patingin	nagpapatingin	IND;AGFOC;IPFV
pasalubong	ipapasalubong	CAUS;PFOC;NFIN
lakad	lakaran	IND;LFOC;NFIN
sira'	nasisira'	IND;PFOC;IPFV
tayo'	itayo'	IND;PFOC;NFIN
yakap	mayakap	Accidental;PFOC;NFIN
dagdag	nagdaragdag	IND;AGFOC;IPFV
hiwa'	humiwa'	IND;AGFOC;NFIN
tuloy	ipatuloy	CAUS;PFOC;NFIN
gising	makagising	ABLTV;AGFOC;NFIN
pinta	nagpipinta	IND;AGFOC;IPFV
isip	pagisipan	IND;PFOC;NFIN
kuha	kumuha	IND;AGFOC;PFV
gupit	maigupit	ABLTV;BFOC;NFIN
baba'	ibaba'	IND;PFOC;NFIN
ligaw	liligaw	IND;AGFOC;PROSP
ganti	gaganti	IND;AGFOC;PROSP
panood	makapanood	ABLTV;AGFOC;NFIN
pahinga	makapagpahinga	ABLTV;AGFOC;NFIN
punta	pumunta	IND;AGFOC;NFIN
dagdag	ipadagdag	CAUS;PFOC;NFIN
bigay	makapagbigay	ABLTV;AGFOC;NFIN
tago'	ipatago'	CAUS;PFOC;NFIN
sira'	sinisira'	IND;PFOC;IPFV
biro'	biruin	IND;DIR;NFIN
kuha	makunan	ABLTV;DIR;NFIN
higa	pahigaan	CAUS;DIR;NFIN
pasyal	makapagpasyal	ABLTV;AGFOC;NFIN
pakiusap	nakiusap	IND;AGFOC;PFV
usap	pagusapan	IND;RfF;NFIN
tinda	nagtinda	IND;AGFOC;PFV
inom	iinumin	IND;PFOC;PROSP
bawal	ipagpabawal	CAUS;PFOC;NFIN
sayaw	sayawin	IND;PFOC;NFIN
lipat	lumipat	IND;AGFOC;PFV
sulat	pasulatan	CAUS;DIR;NFIN
kuha	kukuha	IND;AGFOC;PROSP
sunod	masundan	ABLTV;DIR;NFIN
alaga'	alagaan	IND;PFOC;NFIN
palit	kapapalit	IND;AGFOC;RECPFV
hagis	inihahagis	IND;PFOC;IPFV
patay	magpatay	IND;AGFOC;NFIN
linis	nilinis	IND;PFOC;PFV
linis	naglinis	IND;AGFOC;PFV
nakaw	magpanakaw	CAUS;A1F;NFIN
alis	aalis	IND;AGFOC;PROSP
sama	pasamahin	CAUS;A2F;NFIN
hiram	maihiram	ABLTV;BFOC;NFIN
bawal	ibabawal	IND;PFOC;PROSP
tigil	ititigil	IND;PFOC;PROSP
kanta	kakantahan	IND;PFOC;PFV
akyat	aakyat	IND;AGFOC;PROSP
gupit	ginupit	IND;PFOC;PFV
upo'	paupuan	CAUS;DIR;NFIN
tahi'	tatahi'	IND;AGFOC;PROSP
kilala	makakilala	ABLTV;AGFOC;NFIN
sigaw	mapasigaw	Involuntary;AGFOC;NFIN
takot	matakot	IND;AGFOC;NFIN
trabaho	katratrabaho	IND;AGFOC;RECPFV
sigaw	pasigawin	CAUS;A2F;NFIN
baba'	ibinababa'	IND;PFOC;IPFV
alis	magpaalis	CAUS;A1F;NFIN
tuloy	ituloy	IND;PFOC;NFIN
uwi'	uwian	IND;DIR;NFIN
hagis	humagis	IND;AGFOC;PFV
sauli'	isauli'	IND;PFOC;NFIN
uwi'	kauuwi'	IND;AGFOC;RECPFV
sama	magsama	IND;AGFOC;NFIN
pahinga	nagpapahinga	IND;AGFOC;IPFV
yakap	mapayakap	Involuntary;AGFOC;NFIN
pili'	pumipili'	IND;AGFOC;IPFV
sakay	magpasakay	CAUS;A1F;NFIN
halo'	maihalo'	ABLTV;PFOC;NFIN
hinto'	hintuan	IND;DIR;NFIN
isip	iisipin	IND;PFOC;PROSP
ligaw	ligawan	IND;DIR;NFIN
ganda	gumanda	IND;AGFOC;NFIN
pagbili	ipagbili	IND;PFOC;NFIN
tawa	matawa	Accidental;AGFOC;NFIN
ligpit	inililigpit	IND;PFOC;IPFV
sara	sarahan	IND;DIR;NFIN
palit	palitan	IND;PFOC;NFIN
hingi'	hingan	IND;PFOC;NFIN
lamig	ikalamig	IND;RFOC;NFIN
laki	mapalaki	ABLTV;CAUS;PFOC;NFIN
higa	ipahiga'	CAUS;PFOC;NFIN
balik	kababalik	IND;AGFOC;RECPFV
ayos	paayusan	CAUS;DIR;NFIN
tuloy	patuluyin	CAUS;PFOC;NFIN
lakas	palakasin	CAUS;PFOC;NFIN
bihis	ibinibihis	IND;PFOC;IPFV
kain	pakainin	CAUS;A2F;NFIN
punit	ipapunit	CAUS;PFOC;NFIN
gamit	magamitan	ABLTV;DIR;NFIN
palit	papalit	IND;AGFOC;PROSP
laba	maglaba	IND;AGFOC;NFIN
tago'	itinago'	IND;PFOC;PFV
ligaw	maligaw	IND;AGFOC;NFIN
hiwa'	hiniwa'	IND;PFOC;PFV
hawak	humawak	IND;AGFOC;NFIN
pagbili	nagbibili	IND;AGFOC;IPFV
tawag	tumatawag	IND;AGFOC;IPFV
buhay	mabubuhay	IND;AGFOC;PROSP
sara	sasara	IND;PFOC;PROSP
damdam	makaramdam	IND;AGFOC;NFIN
tuto	natututunan	IND;PFOC;IPFV
sikap	kasisikap	IND;AGFOC;RECPFV
tulong	tumutulong	IND;AGFOC;IPFV
lagay	inilagay	IND;PFOC;PFV
labas	mailabas	ABLTV;PFOC;NFIN
limot	makalimot	ABLTV;AGFOC;NFIN
iwan	kaiiwan	IND;AGFOC;RECPFV
sukat	sumukat	IND;AGFOC;PFV
isip	pinagisipan	IND;PFOC;PFV
suot	susuot	IND;AGFOC;PROSP
ganap	gumanap	IND;AGFOC;PFV
tuto	iriatututunan	IND;PFOC;PROSP
gising	ikagising	IND;RFOC;NFIN
patingin	papatingnan	IND;PFOC;PROSP
labas	inilabas	IND;PFOC;PFV
sama	maisama	ABLTV;PFOC;NFIN
iyak	umiiyak	IND;AGFOC;IPFV
hila	ipahila	CAUS;PFOC;NFIN
halo'	pahaluan	CAUS;DIR;NFIN
busog	mabusog	IND;AGFOC;NFIN
bati'	magbati'	IND;AGFOC;NFIN
patuloy	magpapatuloy	CAUS;A1F;NFIN
bigay	magbigay	IND;AGFOC;NFIN
gising	ginigising	IND;PFOC;IPFV
hiwa'	maghihiwa'	IND;AGFOC;PROSP
abot	maiabot	ABLTV;PFOC;NFIN
kain	kumain	IND;AGFOC;NFIN
halo'	ihahalo'	IND;PFOC;PROSP
huli	ipanghuli	IND;IFOC;NFIN
plantsa	kapaplantsa	IND;AGFOC;RECPFV
bukas	pagbuksin	CAUS;A2F;NFIN
akyat	makaakyat	ABLTV;AGFOC;NFIN
tikim	tinikman	IND;PFOC;PROSP
panood	kapapanood	IND;AGFOC;RECPFV
sulat	makasulat	ABLTV;AGFOC;NFIN
iwan	iniiwan	IND;PFOC;IPFV
sunod	pasundan	CAUS;DIR;NFIN
bayad	ibayad	IND;IFOC;NFIN
luto'	papaglutuin	CAUS;A2F;NFIN
hatid	maihatid	ABLTV;PFOC;NFIN
liko'	inililiko'	IND;PFOC;IPFV
gupit	gupitan	IND;DIR;NFIN
ipon	iipunin	IND;PFOC;PROSP
bukas	bumukas	IND;PFOC;NFIN
pasok	mapasukan	ABLTV;DIR;NFIN
basa	mabasahan	ABLTV;DIR;NFIN
damdam	magparamdam	CAUS;AGFOC;NFIN
pili'	pumili'	IND;AGFOC;NFIN
pangako	nangako	IND;AGFOC;PFV
pansin	magpapansin	CAUS;A1F;NFIN
labas	ilabas	IND;PFOC;NFIN
ganda	magpaganda	CAUS;A1F;NFIN
lagay	malagyan	ABLTV;DIR;NFIN
abot	iabot	IND;PFOC;NFIN
aksaya	aaksayahin	IND;PFOC;PROSP
lakad	lumakad	IND;AGFOC;NFIN
nakaw	makapagnakaw	ABLTV;AGFOC;NFIN
layo'	lumayo'	IND;AGFOC;PFV
tuto	matuto	IND;AGFOC;NFIN
gutom	gugutumin	IND;PFOC;PROSP
alis	inalis	IND;PFOC;PFV
bukas	ibinubukas	IND;PFOC;IPFV
puno'	makapagpuno'	ABLTV;AGFOC;NFIN
tanggap	tanggapin	IND;PFOC;NFIN
pigil	magpapigil	CAUS;A1F;NFIN
intindi	intindihin	IND;PFOC;NFIN
panood	panoorin	IND;PFOC;NFIN
aksaya	inaaksaya	IND;PFOC;IPFV
sama'	pasamain	CAUS;PFOC;NFIN
punta	papuntahan	CAUS;DIR;NFIN
paalam	makapagpaalam	ABLTV;AGFOC;NFIN
sukat	sumukat	IND;AGFOC;NFIN
tahi'	matahi'	ABLTV;PFOC;NFIN
bigay	ibibigay	IND;PFOC;PROSP
gulo	manggulo	Distributive;AGFOC;NFIN
tugtog	matugtog	ABLTV;PFOC;NFIN
yakap	yumayakap	IND;AGFOC;IPFV
ligpit	makapagligpit	ABLTV;AGFOC;NFIN
gasta	makagasta	ABLTV;AGFOC;NFIN
pakinig	nakinig	IND;AGFOC;PFV
sunog	sinusunog	IND;PFOC;IPFV
dala	madalhan	ABLTV;DIR;NFIN
lagay	makapaglagay	ABLTV;AGFOC;NFIN
ayos	ayusin	IND;PFOC;NFIN
tulong	tutulong	IND;AGFOC;PROSP
gising	gumising	IND;AGFOC;PFV
laki	ikalaki	IND;RFOC;NFIN
yakap	magyakapan	RECP;AGFOC;PL;NFIN
bawal	nagbabawal	IND;AGFOC;IPFV
bili	kabibili	IND;AGFOC;RECPFV
salubong	magsalubong	RECP;AGFOC;PL;NFIN
tuloy	magpatulof	CAUS;A1F;NFIN
balik	bumalik	IND;AGFOC;NFIN
luto'	magluluto'	IND;AGFOC;PROSP
init	makapaginit	ABLTV;AGFOC;NFIN
hagis	ipahagis	CAUS;PFOC;NFIN
hanap	mahanap	ABLTV;PFOC;NFIN
balita'	makabalita'	Accidental;AGFOC;NFIN
sunog	sunugin	IND;PFOC;NFIN
sulat	masulat	ABLTV;PFOC;NFIN
sagot	magpasagot	CAUS;A1F;NFIN
gamit	gumamit	IND;AGFOC;NFIN
uwi'	makapaguwi'	ABLTV;AGFOC;NFIN
suot	suutin	IND;PFOC;NFIN
galit	magpagalit	CAUS;A1F;NFIN
tugtog	tugtugin	IND;PFOC;NFIN
bigo'	mabigb'	IND;AGFOC;NFIN
tago'	magtago'	IND;AGFOC;NFIN
galaw	galawin	IND;PFOC;NFIN
sabi	sabihin	IND;PFOC;NFIN
gamit	gagamit	IND;AGFOC;PROSP
sali	maisali	ABLTV;PFOC;NFIN
inom	kaiinom	IND;AGFOC;RECPFV
sayaw	sasayaw	IND;AGFOC;PROSP
bukas	maibukas	ABLTV;PFOC;NFIN
daan	dumaan	IND;AGFOC;PFV
hanap	hinanap	IND;PFOC;PFV
takip	magpatakip	CAUS;A1F;NFIN
haba'	hahaba'	IND;AGFOC;PROSP
labas	papaglabasin	CAUS;A2F;NFIN
bukas	magbubukas	IND;AGFOC;PROSP
halo'	hinahalo'	IND;PFOC;IPFV
umpisa	magumpiga	IND;AGFOC;NFIN
hugas	naghugas	IND;AGFOC;PFV
alala	kaaalala	IND;AGFOC;RECPFV
tawa	pagtawanan	Intensive;DIR;NFIN
salita'	magsalita'	IND;AGFOC;NFIN
tugtog	tutugtog	IND;PFOC;PROSP
maneho	nagmaneho	IND;AGFOC;PFV
punit	makapunit	ABLTV;RFOC;NFIN
talon	ipatalon	CAUS;LFOC;NFIN
harap	mapaharap	Involuntary;AGFOC;NFIN
tulog	matulog	IND;AGFOC;NFIN
sira'	ipasira'	CAUS;PFOC;NFIN
trabaho	tatrabahuhin	IND;PFOC;PROSP
gupit	maggupit	Intensive;AGFOC;NFIN
tikim	tumitikim	IND;AGFOC;IPFV
tinda	ititinda	IND;PFOC;PROSP
labas	ilinabas	IND;PFOC;PFV
patay	pinatay	IND;PFOC;PFV
ayos	magpaayos	CAUS;A1F;NFIN
balita'	magbalita'	IND;AGFOC;NFIN
pansin	pinansin	IND;PFOC;PFV
ipon	naiipon	IND;PFOC;IPFV
harap	magpaharap	CAUS;A1F;NFIN
halo'	inihahalo'	IND;PFOC;IPFV
laro	paglalaruan	IND;PFOC;PROSP
lamig	lumamig	IND;PFOC;NFIN
isip	pagisipan	IND;PFOC;NFIN
damdam	maramdaman	IND;PFOC;NFIN
tahi'	tatahiin	IND;PFOC;PROSP
sakay	sumakay	IND;AGFOC;PFV
galing	nanggaling	IND;AGFOC;PFV
haba'	hinabaan	IND;PFOC;PFV
dagdag	idagdag	IND;PFOC;NFIN
pili'	papiliin	CAUS;A2F;NFIN
hila	maghilahan	RECP;AGFOC;PL;NFIN
pakilala	makapagpakilala	ABLTV;AGFOC;NFIN
tago'	taguan	IND;LFOC;NFIN
sukat	pagsukatin	CAUS;A2F;NFIN
gulo	magulo	IND;AGFOC;NFIN
dala	magdala	IND;AGFOC;NFIN
gasta	gagasta	IND;AGFOC;PROSP
tugtog	itugtog	IND;PFOC;NFIN
daan	makaraan	ABLTV;AGFOC;NFIN
halo'	ihalo'	IND;PFOC;NFIN
baba'	bumaba'	IND;AGFOC;NFIN
sikap	masikap	ABLTV;PFOC;NFIN
sulat	sinusulat	IND;PFOC;IPFV
akyat	maakyat	ABLTV;DIR;NFIN
init	ikainit	IND;RFOC;NFIN
punit	kapupunit	IND;PFOC;RECPFV
alaga'	maalagaan	ABLTV;PFOC;NFIN
gamit	gamitin	IND;DIR;NFIN
hiwa'	naghihiwa'	IND;AGFOC;IPFV
huli	hinuli'	IND;PFOC;PFV
puno'	mapuno'	IND;PFOC;NFIN
asa	aasa	IND;AGFOC;PROSP
hiram	hihiramin	IND;PFOC;PROSP
patay	makapagpatay	ABLTV;A2F;NFIN
buhat	bubuhat	IND;AGFOC;PFV
tuloy	katutuloy	IND;AGFOC;RECPFV
trabaho	papagtrabahuhin	CAUS;A2F;NFIN
kanta	kumakanta	IND;AGFOC;IPFV
hugas	ipanghugas	IND;IFOC;NFIN
gawa'	gumawa'	IND;AGFOC;NFIN
hintay	maghintay	IND;AGFOC;NFIN
bilang	bumilang	IND;AGFOC;PFV
haba'	hinahabaan	IND;PFOC;IPFV
hanap	maihanap	ABLTV;BFOC;NFIN
balita'	mabalitaan	Accidental;PFOC;NFIN
sigaw	sisigaw	IND;AGFOC;PROSP
laba	linalabahan	IND;PFOC;IPFV
abot	magpaabot	CAUS;A1F;NFIN
laban	makapaglaban	ABLTV;AGFOC;NFIN
pasyal	mamasyal	Distributive;AGFOC;NFIN
patuloy	nagpapatuloy	IND;AGFOC;IPFV
yakap	payakapin	CAUS;A2F;NFIN
hiram	mahiraman	ABLTV;DIR;NFIN
patingin	patingnan	IND;PFOC;NFIN
buhat	mabuhat	ABLTV;PFOC;NFIN
tapos	magtatapos	IND;AGFOC;PROSP
palit	ipapagpalit	IND;PFOC;PROSP
gulat	ipanggulat	IND;IFOC;NFIN
halo'	mahalo'	ABLTV;PFOC;NFIN
balita'	mabalitaan	ABLTV;DIR;NFIN
tigil	nagtitigil	IND;AGFOC;IPFV
sara	masarhan	ABLTV;DIR;NFIN
salubong	kasasalubong	IND;AGFOC;RECPFV
putol	ipaputol	CAUS;PFOC;NFIN
hiwa'	magpahiwa'	CAUS;A1F;NFIN
regalo	irineregalo	IND;PFOC;IPFV
langoy	lalangoy	IND;AGFOC;PROSP
layo'	lumalayo'	IND;AGFOC;IPFV
habol	pahabulin	CAUS;A2F;NFIN
iyak	magiiyak	Intensive;AGFOC;NFIN
akyat	paakyatin	CAUS;A2F;NFIN
galit	maikagalit	ABLTV;RFOC;NFIN
hintay	papaghintayin	CAUS;A2F;NFIN
sulat	susulat	IND;AGFOC;PROSP
maneho	papagmanehuhin	CAUS;A2F;NFIN
tikim	tumikim	IND;AGFOC;PFV
sabi	nagsasabi	IND;AGFOC;IPFV
balita'	pagbalitain	CAUS;A2F;NFIN
habol	maghabulan	RECP;AGFOC;PL;NFIN
labas	maglalabas	IND;AGFOC;PROSP
putol	paputulin	CAUS;A2F;NFIN
halik	mapahalik	Involuntary;AGFOC;NFIN
ganap	ginanap	IND;PFOC;PFV
dalaw	padalawin	CAUS;A2F;NFIN
kagat	kumakagat	IND;AGFOC;IPFV
turo'	nagtuturo'	IND;AGFOC;IPFV
tigil	itigil	IND;PFOC;NFIN
tawag	natatawag	IND;PFOC;IPFV
tago'	taguin	CAUS;A2F;NFIN
bigay	pagbigayin	CAUS;A2F;NFIN
kanta	kantahan	IND;PFOC;NFIN
hiwa'	ipahiwa'	CAUS;PFOC;NFIN
dilig	diligan	IND;PFOC;NFIN
sunod	sumunod	IND;AGFOC;NFIN
regalo	nagreregalo	IND;AGFOC;IPFV
langoy	lumangoy	IND;AGFOC;NFIN
pili'	ipapili'	CAUS;PFOC;NFIN
gasta	magpagasta	CAUS;A1F;NFIN
salubong	salubungin	IND;DIR;NFIN
dalaw	dumalaw	IND;AGFOC;NFIN
abot	paabutin	CAUS;A2F;NFIN
kain	kumain	IND;AGFOC;NFIN
bayad	ipagbayad	IND;BFOC;NFIN
gawa'	magpagawa'	CAUS;A1F;NFIN
bigay	mabigyan	ABLTV;DIR;NFIN
paligo'	pinaliliguan	IND;PFOC;IPFV
baba'	maikababa'	ABLTV;RFOC;NFIN
luto'	linuto'	IND;PFOC;PFV
sara	magpasara	CAUS;A1F;NFIN
gawa'	magawan	ABLTV;DIR;NFIN
tayo'	tumatayo'	IND;AGFOC;IPFV
punta	pumupunta	IND;AGFOC;IPFV
daan	kadaraan	IND;AGFOC;RECPFV
uwi'	pauwiin	CAUS;A2F;NFIN
patay	ipapatay	CAUS;PFOC;NFIN
layo'	lalayo'	IND;AGFOC;PROSP
talo	matalo	IND;AGFOC;NFIN
sabi	magsasabi	IND;AGFOC;PROSP
laba	nilabhan	IND;PFOC;PFV
liko'	lumiko'	IND;AGFOC;PFV
uwi'	mauwian	ABLTV;DIR;NFIN
basag	makabasag	Accidental;AGFOC;NFIN
tayo'	nagpatayo'	IND;AGFOC;IPFV
turo'	magtuturo'	IND;AGFOC;PROSP
sulat	magsulat	Intensive;AGFOC;NFIN
daan	nagdaraan	IND;AGFOC;IPFV
akyat	iaakyat	IND;PFOC;PROSP
maneho	ipagpamaneho	CAUS;BFOC;NFIN
sigaw	sigawan	IND;DIR;NFIN
kilala	kilalanin	IND;PFOC;NFIN
suot	suutin	IND;PFOC;NFIN
tugtog	makatugtog	ABLTV;AGFOC;NFIN
dating	marating	ABLTV;DIR;NFIN
tanong	pagtanungin	CAUS;A2F;NFIN
laban	makalaban	ABLTV;AGFOC;NFIN
ganda	mapaganda	ABLTV;CAUS;PFOC;NFIN
sayaw	magsayaw	IND;AGFOC;NFIN
tugtog	tugtugin	IND;PFOC;NFIN
pinta	ipipinta	IND;PFOC;PROSP
sara	magsara	IND;AGFOC;NFIN
hanap	hinahanap	IND;AGFOC;IPFV
handa'	ipahanda'	CAUS;PFOC;NFIN
iyak	magpaiyak	CAUS;A1F;NFIN
dasal	dinarasal	IND;PFOC;IPFV
busog	nabusog	IND;AGFOC;PFV
sali	magpasali	CAUS;A1F;NFIN
tapos	katatapos	IND;PFOC;RECPFV
hingi'	humihingi'	IND;AGFOC;IPFV
luto'	lulutuin	IND;PFOC;PROSP
balita'	nagbalita'	IND;AGFOC;PFV
ayos	makapagayos	ABLTV;AGFOC;NFIN
suot	sumusuot	IND;AGFOC;IPFV
inom	uminom	IND;AGFOC;NFIN
umpisa	inumpisahan	IND;PFOC;PFV
hiram	hiniram	IND;PFOC;PFV
alaga'	inalagaan	IND;PFOC;PFV
huli	magpahuli	CAUS;A1F;NFIN
sira'	magpasira'	CAUS;A1F;NFIN
tawid	tumawid	IND;PFOC;PFV
pakamatay	kapapakamatay	IND;AGFOC;RECPFV
pagod	mapagod	IND;AGFOC;NFIN
nakaw	panakawan	CAUS;DIR;NFIN
sukat	sukatin	IND;PFOC;NFIN
sulat	ipasulat	CAUS;PFOC;NFIN
pagbili	mapagbilhan	ABLTV;DIR;NFIN
bilang	magpabilang	CAUS;A1F;NFIN
panood	nanood	IND;AGFOC;PFV
lipat	magpalipat	CAUS;A1F;NFIN
sabi	sabihin	IND;PFOC;NFIN
ibig	umiibig	IND;AGFOC;IPFV
buhay	namuhay	IND;AGFOC;PFV
ligpit	niligpit	IND;PFOC;PFV
laban	labanan	IND;DIR;NFIN
takot	tinakot	IND;PFOC;PFV
haba'	hahabaan	IND;PFOC;PROSP
sama	isinama	IND;PFOC;PFV
sukat	sukatin	IND;PFOC;NFIN
buhay	mamuhay	IND;AGFOC;NFIN
alis	pagalisan	CAUS;A2F;NFIN
bihis	ibihis	IND;PFOC;NFIN
lagay	naglalagay	IND;AGFOC;IPFV
dagdag	dagdagan	IND;DIR;NFIN
akyat	umakyat	IND;AGFOC;NFIN
intindi	magiintindi	IND;AGFOC;PROSP
pigil	magpipigil	IND;AGFOC;PROSP
sunog	sinunog	IND;PFOC;PFV
pagod	pagurin	CAUS;A2F;NFIN
sama	nagsama	IND;AGFOC;PFV
gasta	gastahan	IND;DIR;NFIN
sukat	isusukat	IND;PFOC;PROSP
ligaw	mailigaw	ABLTV;DIR;NFIN
bayad	mabayaran	ABLTV;DIR;NFIN
suot	masuot	ABLTV;PFOC;NFIN
handa'	humahanda'	IND;AGFOC;IPFV
tikim	tinitikman	IND;PFOC;IPFV
bilang	bibilang	IND;AGFOC;PROSP
dilig	magdilig	IND;AGFOC;NFIN
tapos	makapagtapos	ABLTV;AGFOC;NFIN
kopya	kinopya	IND;PFOC;PFV
takip	takpan	IND;PFOC;NFIN
layo'	nalalayuan	IND;AGFOC;IPFV
sama	magpasama	CAUS;A1F;NFIN
tanim	papagtaniman	CAUS;LFOC;NFIN
gupit	gumugupit	IND;AGFOC;IPFV
pasalubong	kapapasalubong	IND;AGFOC;RECPFV
takip	pagtakpan	IND;DIR;NFIN
intindi	iniintindi	IND;PFOC;IPFV
sukat	magsukat	IND;AGFOC;NFIN
lagay	magpalagay	CAUS;A1F;NFIN
sara	sumara	IND;PFOC;NFIN
pakilala	magpapakilala	IND;AGFOC;PROSP
buhat	makabuhat	ABLTV;AGFOC;NFIN
punit	napunit	IND;PFOC;PFV
buhay	binubuhay	IND;PFOC;IPFV
tayo'	patayuin	CAUS;A2F;NFIN
gutom	magugutom	IND;AGFOC;PROSP
sauli'	magsasauli'	IND;AGFOC;PROSP
sauli'	makapagsauli'	ABLTV;AGFOC;NFIN
takip	ipatakip	CAUS;PFOC;NFIN
pigil	magpigil	IND;AGFOC;NFIN
paligo'	makapagpaligo'	ABLTV;AGFOC;NFIN
gamit	makagamit	ABLTV;AGFOC;NFIN
hugas	naghuhugas	IND;AGFOC;IPFV
hinga	huminga	IND;AGFOC;NFIN
sauli'	masaullan	ABLTV;DIR;NFIN
aksaya	magaksaya	IND;AGFOC;NFIN
gulo	magpagulo	CAUS;A1F;NFIN
alam	aalamin	IND;PFOC;PROSP
gutom	magpagutom	CAUS;A1F;NFIN
laki	lumalaki	IND;AGFOC;IPFV
handa'	humanda'	IND;AGFOC;NFIN
lagay	palagyan	CAUS;DIR;NFIN
punit	ikapunit	IND;RFOC;NFIN
alaga'	aalagaan	IND;PFOC;PROSP
sakay	pasakayin	CAUS;A2F;NFIN
bigo'	biguin	IND;PFOC;NFIN
tanim	mataniman	ABLTV;LFOC;NFIN
tanim	matamnan	ABLTV;LFOC;NFIN
tanim	magtanim	IND;AGFOC;NFIN
bati'	bumati'	IND;AGFOC;NFIN
tugtog	tumutugtog	IND;PFOC;IPFV
tanong	papagtanungin	CAUS;A2F;NFIN
putol	pinutol	IND;PFOC;PFV
tayo'	tumayo'	IND;AGFOC;NFIN
uwi'	pauwian	CAUS;DIR;NFIN
lakas	makalakas	ABLTV;RFOC;NFIN
isip	nagisip	IND;AGFOC;PFV
regalo	magreregalo	IND;AGFOC;PROSP
patay	ikamatay	IND;RFOC;NFIN
dalaw	dadalaw	IND;AGFOC;PROSP
lipat	paglipatin	CAUS;A2F;NFIN
gasta	gastahin	IND;PFOC;NFIN
ngiti	mapangiti'	Involuntary;AGFOC;NFIN
tawag	ipatawag	CAUS;PFOC;NFIN
gutom	ginutom	IND;PFOC;PFV
dala	padalhan	CAUS;DIR;NFIN
handa'	maipagpahanda'	ABLTV;CAUS;BFOC;NFIN
palit	palitan	IND;DIR;NFIN
buhat	ipambuhat	IND;IFOC;NFIN
unawa'	ipaunawa'	CAUS;PFOC;NFIN
kagat	makakagat	ABLTV;AGFOC;NFIN
plantsa	magplantsa	IND;AGFOC;NFIN
ngiti	ngumingiti'	IND;AGFOC;IPFV
huli	hinuhuli	IND;PFOC;IPFV
hawak	mahawakan	ABLTV;DIR;NFIN
sunog	masunugan	IND;DIR;NFIN
tigil	magtitigil	IND;AGFOC;PROSP
huli	makahuli	ABLTV;AGFOC;NFIN
upo'	magpaupo'	CAUS;A1F;NFIN
sayaw	papagsayawin	CAUS;A2F;NFIN
hinto'	kahihinto'	IND;AGFOC;RECPFV
gawa'	makagawa'	ABLTV;AGFOC;NFIN
ligpit	ilinigpit	IND;PFOC;PFV
dilig	dinidilig	IND;PFOC;IPFV
daan	dumaan	IND;AGFOC;NFIN
baba'	magbaba'	IND;AGFOC;NFIN
hinga	ihinga	IND;PFOC;NFIN
isip	papagisipin	CAUS;A2F;NFIN
sagot	sumasagot	IND;AGFOC;IPFV
sali	ipasali	CAUS;PFOC;NFIN
laro	paglaruan	IND;PFOC;NFIN
pasok	pasukin	IND;DIR;NFIN
gasta	magasta	ABLTV;PFOC;NFIN
linis	makalinis	ABLTV;RFOC;NFIN
handa'	inihahanda'	IND;PFOC;IPFV
tawag	tumawag	IND;AGFOC;NFIN
dala	magdala	IND;AGFOC;NFIN
gasta	gastahin	IND;PFOC;NFIN
pagbili	maipagbili	ABLTV;PFOC;NFIN
aral	nagaral	IND;AGFOC;PFV
dinig	maiparinig	ABLTV;CAUS;PFOC;NFIN
galaw	kagagalaw	IND;PFOC;RECPFV
sauli'	isinasauli'	IND;PFOC;IPFV
sukat	nagsusukat	IND;AGFOC;IPFV
sukat	sukatin	IND;DIR;NFIN
patuloy	ipagpatuloy	IND;PFOC;NFIN
akyat	inakyat	IND;PFOC;PFV
pasalubong	magpasalubong	IND;AGFOC;NFIN
iwan	maiiwan	IND;AGFOC;PROSP
patingin	magpapatingin	IND;AGFOC;PROSP
hiram	humiram	IND;AGFOC;NFIN
dala	nagdala	IND;AGFOC;PFV
regalo	mairegalo	ABLTV;PFOC;NFIN
basa	basahin	IND;PFOC;NFIN
balita'	maibalita'	ABLTV;PFOC;NFIN
takip	papagtakpan	CAUS;DIR;NFIN
handa'	ipaghanda'	IND;BFOC;NFIN
hingi'	hingan	IND;PFOC;NFIN
lipat	ipalipat	CAUS;PFOC;NFIN
tago'	pagtaguan	CAUS;LFOC;NFIN
hinga	maghinga	IND;AGFOC;NFIN
pasyal	ipapasyal	CAUS;BFOC;NFIN
bigay	ibinibigay	IND;PFOC;IPFV
huli	humuhuli	IND;AGFOC;IPFV
sama	mapasama	Involuntary;A2F;NFIN
tingin	makatingin	ABLTV;AGFOC;NFIN
pasok	magpasok	IND;AGFOC;NFIN
ayos	ipaayos	CAUS;PFOC;NFIN
suot	magsuot	IND;AGFOC;NFIN
pasok	pumasok	IND;AGFOC;NFIN
tawid	ipatawid	CAUS;PFOC;NFIN
tago'	pagtaguan	CAUS;DIR;NFIN
hingi'	pahingan	CAUS;DIR;NFIN
intindi	iintindihin	IND;PFOC;PROSP
takbo	takbuhin	IND;DIR;NFIN
pagbili	magbibili	IND;AGFOC;PROSP
sayaw	magsasayaw	IND;AGFOC;PROSP
luto'	magpaluto'	CAUS;A1F;NFIN
patay	patayin	IND;PFOC;NFIN
sakay	masakyan	ABLTV;DIR;NFIN
hinga	naghinga	IND;AGFOC;PFV
bili	mabili	ABLTV;PFOC;NFIN
panalo	pananalunan	IND;PFOC;PROSP
turo'	maituro'	ABLTV;PFOC;NFIN
abot	maabot	ABLTV;PFOC;NFIN
asa	asahan	IND;DIR;NFIN
luto'	iluto'	IND;PFOC;NFIN
sunog	nasusunog	IND;PFOC;IPFV
tikim	matikman	ABLTV;PFOC;NFIN
bihis	kabibihis	IND;AGFOC;RECPFV
suot	maisuot	ABLTV;PFOC;NFIN
baba'	bumababa'	IND;AGFOC;IPFV
damdam	magdamdam	IND;AGFOC;NFIN
langoy	kalalangoy	IND;AGFOC;RECPFV
pili'	kapipili'	IND;AGFOC;RECPFV
tahi'	tumatahi'	IND;AGFOC;IPFV
bawal	pagbawalin	CAUS;A2F;NFIN
liko'	ililiko'	IND;PFOC;PFV
isip	ipaisip	CAUS;PFOC;NFIN
lakas	lakasan	IND;PFOC;NFIN
dala	pagdalhin	CAUS;A2F;NFIN
isip	kaiisip	IND;AGFOC;RECPFV
balita'	makapagbalita'	ABLTV;AGFOC;NFIN
gamot	magamot	ABLTV;PFOC;NFIN
lapit	lumapit	IND;AGFOC;NFIN
punas	magpunas	IND;AGFOC;NFIN
bayad	nagbabayad	IND;AGFOC;IPFV
gasta	gumasta	IND;AGFOC;PFV
palit	ipagpalit	IND;PFOC;NFIN
dalaw	ipadalaw	CAUS;DIR;NFIN
tulong	tumulong	IND;AGFOC;PFV
ayos	magaayos	IND;AGFOC;PROSP
hiya'	nahihiya'	IND;AGFOC;IPFV
palit	pumalit	IND;AGFOC;NFIN
takot	takutin	IND;PFOC;NFIN
tanim	papagtamnan	CAUS;LFOC;NFIN
bili	bilhin	IND;PFOC;NFIN
layo'	ilinayo'	IND;PFOC;PFV
tugtog	tinutugtog	IND;PFOC;IPFV
bihis	ibinihis	IND;PFOC;PFV
sikap	magsikap	IND;AGFOC;NFIN
laban	malabanan	ABLTV;DIR;NFIN
hinto'	ihinihinto'	IND;PFOC;IPFV
suot	sinusuot	IND;PFOC;IPFV
gulat	gulatin	IND;DIR;NFIN
sikap	magsisikap	IND;AGFOC;PROSP
kopya	kakokopya	IND;AGFOC;RECPFV
akyat	akyatin	IND;PFOC/DIR;NFIN
gulat	makagulat	ABLTV;AGFOC;NFIN
balik	pagbalikin	CAUS;A2F;NFIN
tinda	katitinda	IND;AGFOC;RECPFV
daan	magdaraan	IND;AGFOC;PROSP
gulat	nagulat	IND;AGFOC;PFV
patay	mamatay	IND;PFOC;NFIN
uwi'	umuwi'	IND;AGFOC;NFIN
ibig	magkaibigan	RECP;AGFOC;NFIN
balita'	ibinalita'	IND;PFOC;PFV
talon	magpatalon	CAUS;A1F;NFIN
unawa'	paunawain	CAUS;A2F;NFIN
hingi'	hihingin	IND;PFOC;PROSP
kagat	kumagat	IND;AGFOC;NFIN
alam	papagpaalamin	CAUS;A2F;NFIN
habol	magpahabol	CAUS;A1F;NFIN
punas	nagpupunas	IND;AGFOC;IPFV
sakay	makapagsakay	ABLTV;AGFOC;NFIN
ligaw	kaliligaw	IND;AGFOC;RECPFV
hila	magpahila	CAUS;A1F;NFIN
tanim	itanim	IND;PFOC;NFIN
sayaw	isayaw	IND;PFOC;NFIN
layo'	makalayo'	ABLTV;AGFOC;NFIN
gupit	papaggupitin	CAUS;A2F;NFIN
sara	magsasara	IND;AGFOC;PROSP
lakas	lumakas	IND;AGFOC;NFIN
puno'	napupuno'	IND;PFOC;IPFV
abot	ipaabot	CAUS;PFOC;NFIN
bati'	magpabati'	CAUS;A1F;NFIN
bilang	kabibilang	IND;AGFOC;RECPFV
sali	sumali	IND;AGFOC;PFV
sali	sasali	IND;AGFOC;PROSP
lakas	lakasan	IND;PFOC;NFIN
maneho	manehuhin	IND;PFOC;NFIN
kain	kanin	IND;PFOC;NFIN
palit	pagpalitin	CAUS;A2F;NFIN
patuloy	ipinagpapatuloy	IND;PFOC;IPFV
pakilala	magpakilala	IND;AGFOC;NFIN
halo'	makapaghalo'	ABLTV;AGFOC;NFIN
pagkaroon	magkaroon	IND;AGFOC;NFIN
inom	ipainom	CAUS;PFOC;NFIN
gupit	pagupitan	CAUS;DIR;NFIN
gulat	ipagulat	CAUS;DIR;NFIN
pakiusap	nakikiusap	IND;AGFOC;IPFV
puno'	pinupuno'	IND;PFOC;IPFV
mahal	mahalin	IND;DIR;NFIN
palit	ipagpapalit	IND;PFOC;PROSP
bukas	bubuksan	IND;PFOC;PROSP
balita'	papagbalitain	CAUS;A2F;NFIN
iwan	maiwan	IND;AGFOC;NFIN
turo'	makaturo'	ABLTV;AGFOC;NFIN
sira'	masira'	ABLTV;PFOC;NFIN
pili'	pipiliin	IND;PFOC;PROSP
laban	lumaban	IND;AGFOC;NFIN
init	umiinit	IND;AGFOC;IPFV
tigil	tumigil	IND;AGFOC;NFIN
handa'	ihanda'	IND;PFOC;NFIN
bati'	babati'	IND;AGFOC;PROSP
balik	magpabalik	CAUS;AGFOC;NFIN
alaga'	kaaalaga'	IND;AGFOC;RECPFV
ipon	magipon	IND;AGFOC;NFIN
luto'	iniluto'	IND;PFOC;PFV
sigaw	magpasigaw	CAUS;A1F;NFIN
bili	binili	IND;PFOC;PFV
putol	makaputol	ABLTV;AGFOC;NFIN
tinda	maitinda	ABLTV;PFOC;NFIN
ganda	ginagandahan	IND;PFOC;IPFV
punit	mapunit	ABLTV;PFOC;NFIN
hawak	pahawakin	CAUS;A2F;NFIN
ayos	inayos	IND;PFOC;PFV
buhay	bubuhay	IND;AGFOC;PROSP
pilit	magpilit	IND;AGFOC;NFIN
kilala	kumikilala	IND;AGFOC;IPFV
pasyal	papagpasyalin	CAUS;A2F;NFIN
pilit	ipapilit	CAUS;PFOC;NFIN
sunog	kasusunog	IND;AGFOC;RECPFV
tigil	itigil	IND;PFOC;NFIN
bukas	ibinukas	IND;PFOC;PFV
tago'	itatago'	IND;PFOC;PROSP
gising	gigisingin	IND;PFOC;PROSP
patingin	pinagtitingnan	IND;PFOC;IPFV
patingin	patignan	IND;PFOC;NFIN
pasalubong	maipasalubong	ABLTV;PFOC;NFIN
busog	ikabusog	IND;RFOC;NFIN
punas	mapunasan	ABLTV;PFOC;NFIN
pasyal	maipasyal	ABLTV;BFOC;NFIN
abot	abutin	IND;PFOC;NFIN
ibig	magpaibig	CAUS;A1F;NFIN
tanim	magtatanim	IND;AGFOC;PROSP
punas	ipampunas	IND;IFOC;NFIN
pangako	ipangako	IND;PFOC;NFIN
ganap	ganapin	IND;PFOC;NFIN
iyak	kaiiyak	IND;AGFOC;RECPFV
patay	namatay	IND;PFOC;PFV
akyat	ipaakyat	CAUS;PFOC;NFIN
halik	maghalikan	RECP;AGFOC;PL;NFIN
kain	pakanin	CAUS;A2F;NFIN
sauli'	saullan	IND;DIR;NFIN
lakad	makalakad	ABLTV;AGFOC;NFIN
sira'	sisirain	IND;PFOC;PROSP
patay	namamatay	IND;PFOC;IPFV
sauli'	magsauli'	IND;AGFOC;NFIN
init	mainit	ABLTV;PFOC;NFIN
tinda	magtinda	IND;AGFOC;NFIN
hila	maipanghila	ABLTV;IFOC;NFIN
pansin	makapansin	ABLTV;AGFOC;NFIN
sakit	masaktan	ABLTV;DIR;NFIN
uwi'	iuwi'	IND;PFOC;NFIN
hila	hinila	IND;PFOC;PFV
tawa	patawanin	CAUS;A2F;NFIN
trabaho	trinatrabaho	IND;PFOC;IPFV
pilit	magpipilit	IND;AGFOC;PROSP
harap	kahaharap	IND;AGFOC;RECPFV
turo'	katuturo'	IND;AGFOC;RECPFV
gulat	magulat	IND;AGFOC;NFIN
bura	magbubura	IND;AGFOC;PROSP
lagay	ilagay	IND;PFOC;NFIN
hila	mahilahan	ABLTV;DIR;NFIN
halo'	hahaluin	IND;PFOC;PROSP
panood	ipapanood	CAUS;PFOC;NFIN
sira'	manira'	Distributive;AGFOC;NFIN
bawal	makapagbawal	ABLTV;AGFOC;NFIN
dasal	madasalan	ABLTV;DIR;NFIN
alam	pagpaalamin	CAUS;A2F;NFIN
bili	makabili	ABLTV;AGFOC;NFIN
hingi'	hiningi'	IND;PFOC;PFV
tingin	mapatingin	Involuntary;PFOC;NFIN
isip	pagiisipan	IND;PFOC;PROSP
kanta	kakakanta	IND;AGFOC;RECPFV
sayaw	sumayaw	IND;AGFOC;NFIN
regalo	ininegalo	IND;PFOC;PFV
langoy	palanguyin	CAUS;A2F;NFIN
panood	magpapanood	CAUS;A1F;NFIN
alis	umalis	IND;AGFOC;NFIN
bilang	bumilang	IND;AGFOC;NFIN
hinga	ihininga	IND;PFOC;PFV
aksaya	magpaaksaya	CAUS;A1F;NFIN
regalo	ipagregalo	CAUS;PFOC;NFIN
abot	papagabutin	CAUS;A2F;NFIN
upo'	naupo'	IND;AGFOC;PFV
dala	magdadala	IND;AGFOC;PROSP
sagot	isinagot	IND;PFOC;PFV
sama'	sumama'	IND;AGFOC;PFV
punas	punasan	IND;PFOC;NFIN
patay	mapatay	ABLTV;PFOC;NFIN
tahi'	maitahi'	ABLTV;BFOC;NFIN
uwi'	maguwi'	IND;AGFOC;NFIN
hatid	magpahatid	CAUS;A1F;NFIN
sukat	isinukat	IND;PFOC;PFV
layo'	mapalayo'	Involuntary;AGFOC;NFIN
lagay	ilinalagay	IND;PFOC;IPFV
damdam	magdamdam	IND;AGFOC;NFIN
sunog	sunugin	IND;PFOC;NFIN
linis	nililinis	IND;PFOC;IPFV
saya	sumaya	IND;AGFOC;PFV
hanap	ihanap	IND;BFOC;NFIN
pasok	maipasok	ABLTV;PFOC;NFIN
sulat	isinulat	IND;PFOC;PFV
sukat	sinukat	IND;PFOC;PFV
uwi'	naguwi'	IND;AGFOC;PFV
bawal	papagbawalin	CAUS;A2F;NFIN
basa	binabasa	IND;PFOC;IPFV
sauli'	masauli'	ABLTV;PFOC;NFIN
sayaw	isasayaw	IND;PFOC;PROSP
turo'	itinuro'	IND;PFOC;PFV
buhay	mabuhay	IND;AGFOC;NFIN
turo'	paturuan	CAUS;DIR;NFIN
bili	ibili	IND;BFOC;NFIN
liko'	lumiko'	IND;AGFOC;NFIN
alam	malaman	ABLTV;PFOC;NFIN
gamot	gamutin	IND;PFOC;NFIN
hinga	inihihinga	IND;PFOC;IPFV
talon	tatalon	IND;AGFOC;PROSP
panalo	pinanalunan	IND;PFOC;PFV
baba'	nagbaba'	IND;AGFOC;PFV
ganap	gaganapin	IND;PFOC;PROSP
galit	pagalitan	IND;DIR;NFIN
hanap	humanap	IND;AGFOC;PFV
balik	magbalik	IND;AGFOC;NFIN
handa'	kahahanda'	IND;AGFOC;RECPFV
sakit	nagkasakit	IND;AGFOC;PFV
limot	lumilimot	IND;AGFOC;IPFV
dala	dalhan	IND;PFOC;NFIN
gutom	ikagutom	IND;RFOC;NFIN
laban	magpalaban	CAUS;A1F;NFIN
gulo	naguluhan	IND;AGFOC;PFV
tanong	tanungin	IND;DIR;NFIN
akyat	inaakyat	IND;PFOC;IPFV
gutom	nagutom	IND;AGFOC;PFV
pasyal	kapapasyal	IND;AGFOC;RECPFV
inom	iniinom	IND;PFOC;IPFV
luto'	iniluluto'	IND;PFOC;IPFV
luto'	mapaglutuan	ABLTV;LFOC;NFIN
alala	kaaalala	IND;PFOC;RECPFV
ngiti	magpangiti'	CAUS;A1F;NFIN
bayad	magbayad	IND;AGFOC;NFIN
sali	nagsali	IND;AGFOC;PFV
sama'	sumama'	IND;AGFOC;NFIN
tawag	makatawag	IND;PFOC;NFIN
dala	ipagdala	IND;BFOC;NFIN
sugal	magsugal	IND;AGFOC;NFIN
palit	mapalitan	ABLTV;PFOC;NFIN
pinta	maipinta	ABLTV;PFOC;NFIN
lipat	lumipat	IND;AGFOC;NFIN
pakinig	pakinggan	IND;DIR;NFIN
hinto'	mahintuan	ABLTV;DIR;NFIN
luto'	paglutuin	CAUS;A2F;NFIN
talo	magpatalo	CAUS;A1F;NFIN
tanong	itanong	IND;PFOC;NFIN
laki	malakihan	ABLTV;PFOC;NFIN
sunog	nagsusunog	IND;AGFOC;IPFV
buhay	nabuhay	IND;AGFOC;PFV
nakaw	magnakaw	IND;AGFOC;NFIN
ingay	makapagingay	ABLTV;AGFOC;NFIN
hawak	maghawak	RECP;AGFOC;PL;NFIN
patay	kapapatay	IND;AGFOC;RECPFV
ganda	gandahan	IND;PFOC;NFIN
haba'	humaba'	IND;AGFOC;PFV
handa'	ihanda'	IND;PFOC;NFIN
tugtog	itutugtog	IND;PFOC;PROSP
tanong	nagtanong	IND;AGFOC;PFV
maneho	mamanehuhin	IND;PFOC;PROSP
tuloy	tumuloy	IND;AGFOC;PROSP
pakiusap	makiusap	IND;AGFOC;NFIN
bukas	bumubukas	IND;PFOC;IPFV
tawa	tumawa	IND;AGFOC;PFV
sakit	saktan	IND;DIR;NFIN
tanggap	makatanggap	ABLTV;AGFOC;NFIN
higa	ihihiga'	IND;PFOC;PROSP
gawa'	pagawin	CAUS;A2F;NFIN
sama'	ikasama'	IND;RFOC;NFIN
punta	mapuntahan	ABLTV;DIR;NFIN
sayaw	pagsayawin	CAUS;A2F;NFIN
patay	pumatay	IND;AGFOC;NFIN
pakinig	makapakinig	ABLTV;AGFOC;NFIN
kasal	maikasal	ABLTV;PFOC;NFIN
basag	magbasag	Intensive;AGFOC;NFIN
usap	mapagusapan	ABLTV;RfF;NFIN
basag	binasag	IND;PFOC;PFV
liko'	mailiko'	ABLTV;PFOC;NFIN
suot	isinusuot	IND;PFOC;IPFV
hugas	ipaghugas	IND;BFOC;NFIN
halo'	maghalo'	IND;AGFOC;NFIN
buhay	bumuhay	IND;AGFOC;NFIN
luto'	ilinuto'	IND;PFOC;PFV
bukas	ipabukas	CAUS;PFOC;NFIN
trabaho	tratrabahuhin	IND;PFOC;PROSP
lipat	lumilipat	IND;AGFOC;IPFV
sukat	makasukat	ABLTV;AGFOC;NFIN
habol	hahabol	IND;AGFOC;PROSP
palit	papalitan	IND;PFOC;PROSP
gawa'	ginagawa'	IND;PFOC;IPFV
init	iinit	IND;AGFOC;PROSP
hintay	hintayin	IND;PFOC;NFIN
gulo	maguluhan	IND;AGFOC;NFIN
bili	mabilhan	ABLTV;DIR;NFIN
tugtog	tumugtog	IND;AGFOC;NFIN
bilang	binibilang	IND;PFOC;IPFV
pili'	mapili'	ABLTV;PFOC;NFIN
isip	nagiisip	IND;AGFOC;IPFV
trabaho	magpatrabaho	CAUS;A1F;NFIN
tinda	itinda	IND;PFOC;NFIN
balik	ibalik	IND;PFOC;NFIN
sakay	isasakay	IND;PFOC;PROSP
higa	magpahiga'	CAUS;A1F;NFIN
balita'	pabalitaan	CAUS;DIR;NFIN
baba'	ipababa'	CAUS;PFOC;NFIN
bigay	magpabigay	CAUS;A1F;NFIN
lamig	lumamig	IND;PFOC;PFV
liko'	iliko'	IND;PFOC;NFIN
linis	luminis	IND;PFOC;NFIN
sakay	sumakay	IND;AGFOC;NFIN
labas	palabasin	CAUS;A2F;NFIN
sakit	sumakit	IND;AGFOC;NFIN
tanim	magpatanim	CAUS;A1F;NFIN
kanta	kantahan	IND;PFOC;NFIN
tigil	tumitigil	IND;AGFOC;IPFV
handa'	ipinahanaa'	IND;PFOC;IPFV
dagdag	idaragdag	IND;PFOC;PROSP
nakaw	nanakawan	IND;PFOC;PROSP
kasal	pakasalan	CAUS;DIR;NFIN
bilang	mabilang	ABLTV;PFOC;NFIN
abot	aabot	IND;AGFOC;PROSP
tanim	pagtanimin	CAUS;A2F;NFIN
iwan	iwan	IND;PFOC;NFIN
plantsa	paplantsahin	IND;PFOC;PROSP
upo'	umupo'	IND;AGFOC;NFIN
hintay	naghintay	IND;AGFOC;PFV
tawag	tatawag	IND;AGFOC;PROSP
palaki	palakihin	IND;PFOC;NFIN
tulong	tumulong	IND;AGFOC;NFIN
dilig	diligan	IND;PFOC;NFIN
balita'	magbabalita'	IND;AGFOC;PROSP
kain	makakain	ABLTV;AGFOC;NFIN
pagod	mapagod	IND;AGFOC;NFIN
basag	kababasag	IND;PFOC;RECPFV
lapit	palapitan	CAUS;DIR;NFIN
laba	labhan	IND;PFOC;NFIN
ganda	magagandahan	IND;AGFOC;PROSP
sukat	masukat	ABLTV;PFOC;NFIN
gupit	gumupit	IND;AGFOC;NFIN
handa'	papaghandaan	CAUS;BFOC;NFIN
paligo'	magpaligo'	IND;AGFOC;NFIN
higa	ihiniga'	IND;PFOC;PFV
tawid	itatawid	IND;PFOC;PROSP
sali	makasali	ABLTV;AGFOC;NFIN
laki	lumaki	IND;AGFOC;NFIN
hinto'	paghintuin	CAUS;A2F;NFIN
basa	binasa	IND;PFOC;PFV
unawa'	maunawaan	ABLTV;DIR;NFIN
sigaw	sumigaw	IND;AGFOC;NFIN
bilang	magbilang	Intensive;AGFOC;NFIN
halik	humalik	IND;AGFOC;PFV
patingin	patignan	IND;PFOC;NFIN
busog	makabusbg	ABLTV;RFOC;NFIN
hinga	inihinga	IND;PFOC;PROSP
ligo'	naliligo'	IND;AGFOC;IPFV
sukat	isukat	IND;PFOC;NFIN
kita	magkita	RECP;AGFOC;PL;NFIN
init	maginit	IND;AGFOC;NFIN
kopya	ikopya	IND;BFOC;NFIN
kuha	pakuhanin	CAUS;A2F;NFIN
halik	makahalik	ABLTV;AGFOC;NFIN
lapit	kalalapit	IND;AGFOC;RECPFV
sama	pasamahin	CAUS;PFOC;NFIN
hila	kahihila	IND;AGFOC;RECPFV
layo'	layuan	IND;DIR;NFIN
galing	manggagaling	IND;AGFOC;PROSP
pagkaroon	nagkakaroon	IND;AGFOC;IPFV
lipat	malipatan	ABLTV;DIR;NFIN
bayad	papagbayarin	CAUS;A2F;NFIN
dala	dalhan	IND;DIR;NFIN
uwi'	umuuwi'	IND;AGFOC;IPFV
kopya	magpakopya	CAUS;A1F;NFIN
bigay	pabigyan	CAUS;DIR;NFIN
umpisa	umpisahan	IND;PFOC;NFIN
sunog	masunog	IND;PFOC;NFIN
langoy	makalangoy	ABLTV;AGFOC;NFIN
sali	isinasali	IND;PFOC;IPFV
bati'	makabati'	ABLTV;AGFOC;NFIN
luto'	ipagluto'	IND;BFOC;NFIN
baba'	magbababa	IND;AGFOC;PROSP
luto'	magluto'	IND;AGFOC;NFIN
baba'	magbaba'	IND;AGFOC;NFIN
kilos	kikilos	IND;AGFOC;PROSP
hugas	makapaghugas	ABLTV;AGFOC;NFIN
daan	maparaanan	Involuntary;DIR;NFIN
iwan	nagiiwan	IND;AGFOC;IPFV
bawal	magbabawal	IND;AGFOC;PROSP
gamot	gagamutin	IND;PFOC;PROSP
lipat	lumipat	IND;AGFOC;NFIN
panood	papanoorin	IND;PFOC;PROSP
ligpit	iniligpit	IND;PFOC;PFV
sabi	magsabi	IND;AGFOC;NFIN
hiwa'	humiwa'	IND;AGFOC;NFIN
layo'	lumayo'	IND;AGFOC;NFIN
pasyal	magpapasyal	IND;AGFOC;PROSP
pasok	ipasok	IND;PFOC;NFIN
haba'	ikahaba'	IND;RFOC;NFIN
hiwa'	hiwain	IND;PFOC;NFIN
tanim	itatanim	IND;PFOC;PROSP
ligpit	magligpit	IND;AGFOC;NFIN
punas	magpunas	IND;AGFOC;NFIN
regalo	paregaluhan	CAUS;DIR;NFIN
langoy	lumangoy	IND;AGFOC;PFV
sugal	kasusugal	IND;AGFOC;RECPFV
hagis	humagis	IND;AGFOC;NFIN
bura	kabobura	IND;AGFOC;RECPFV
tanong	itanong	IND;PFOC;NFIN
ganap	gumanap	IND;AGFOC;NFIN
panood	manonood	IND;AGFOC;PROSP
hiram	hihiram	IND;AGFOC;PROSP
tanim	nagtatanim	IND;AGFOC;IPFV
gupit	magpagupit	CAUS;A1F;NFIN
palit	ipalit	IND;PFOC;NFIN
damdam	nakakaramdam	IND;AGFOC;IPFV
alis	makaalis	ABLTV;AGFOC;NFIN
gising	magpagising	CAUS;A1F;NFIN
putol	kapuputol	IND;AGFOC;RECPFV
gupit	magupit	ABLTV;PFOC;NFIN
bilang	bilangin	IND;PFOC;NFIN
pagbili	ipinagbibili	IND;PFOC;IPFV
patay	papatayin	CAUS;A2F;NFIN
maneho	maimaneho	ABLTV;BFOC;NFIN
sama	masamahan	ABLTV;DIR;NFIN
paalam	nagpaalam	IND;AGFOC;PFV
tinda	magtitinda	IND;AGFOC;PROSP
kausap	magpakausap	CAUS;A1F;NFIN
pasyal	magpasyal	IND;AGFOC;NFIN
bayad	ipabayad	CAUS;PFOC;NFIN
ngiti	ngumiti'	IND;AGFOC;NFIN
ganda	pagandahin	CAUS;PFOC;NFIN
intindi	makaintindi	ABLTV;AGFOC;NFIN
intindi	maintindihan	ABLTV;PFOC;NFIN
sama'	magpasama'	CAUS;A1F;NFIN
maneho	manehuhin	IND;PFOC;NFIN
punas	pinupunasan	IND;PFOC;IPFV
pangako	ipangako	IND;PFOC;NFIN
bati'	kababati'	IND;AGFOC;RECPFV
tawag	matawag	IND;PFOC;NFIN
tapos	pataposin	CAUS;A2F;NFIN
sira'	magsiraan	RECP;AGFOC;PL;NFIN
sugal	ipangsugal	IND;IFOC;NFIN
hingi'	humingi'	IND;AGFOC;NFIN
higa	makapaghiga'	ABLTV;AGFOC;NFIN
basa	bumasa	IND;AGFOC;PFV
dagdag	papagdagdagin	CAUS;A2F;NFIN
kuha	kumukuha	IND;AGFOC;IPFV
tigil	itinitigil	IND;PFOC;IPFV
tawid	maitawid	ABLTV;PFOC;NFIN
pakamatay	magpakamatay	IND;AGFOC;NFIN
lakas	mapalakas	ABLTV;CAUS;PFOC;NFIN
gupit	makagupit	ABLTV;AGFOC;NFIN
galaw	makaggalaw	CAUS;A1F;NFIN
hagis	makapaghagis	ABLTV;AGFOC;NFIN
tawa	matawanan	ABLTV;DIR;NFIN
balik	babalik	IND;AGFOC;PROSP
gamot	maggamot	IND;AGFOC;NFIN
huli	kahuhuli	IND;AGFOC;RECPFV
isip	isipin	IND;PFOC;NFIN
bukas	binuksan	IND;PFOC;PFV
kain	kakainin	IND;PFOC;PROSP
punta	magpunta	IND;AGFOC;NFIN
higa	mahiga'	IND;AGFOC;NFIN
lakas	lalakas	IND;AGFOC;PROSP
layo'	magpalayo'	CAUS;A1F;NFIN
huli	hulihin	IND;PFOC;NFIN
gulo	ipagulo	CAUS;PFOC;NFIN
dala	pagdalahin	CAUS;A2F;NFIN
init	uminit	IND;AGFOC;NFIN
tulog	magpatulog	CAUS;A1F;NFIN
sakay	pasakyan	IND;LFOC;NFIN
palit	ipinagpalit	IND;PFOC;PFV
gulo	ginulo	IND;PFOC;PFV
daan	magparaan	CAUS;A1F;NFIN
pakilala	kapapakilala	IND;AGFOC;RECPFV
tingin	tumingin	IND;AGFOC;PFV
sama'	kasasama'	IND;AGFOC;RECPFV
tuto	natututo	IND;AGFOC;IPFV
buhat	bumuhat	IND;AGFOC;NFIN
luto'	kaluluto'	IND;AGFOC;RECPFV
sagot	isagot	IND;PFOC;NFIN
kanta	makakanta	ABLTV;AGFOC;NFIN
abot	iniabot	IND;PFOC;PFV
pinta	papagpintahin	CAUS;A2F;NFIN
sunod	sundin	IND;DIR;NFIN
yakap	ipayakap	CAUS;PFOC;NFIN
takbo	patakbuhin	CAUS;A2F;NFIN
basa	babasa	IND;AGFOC;PROSP
hagis	ihinahagis	IND;PFOC;IPFV
bigo'	binibigo'	IND;PFOC;IPFV
palaki	pinalalaki	IND;PFOC;IPFV
pasalubong	ipinasasalubong	IND;PFOC;IPFV
ganap	ginampanan	IND;PFOC;PFV
kanta	kinakantahan	IND;PFOC;IPFV
maneho	kamamaneho	IND;AGFOC;RECPFV
mali	magkakamali'	IND;AGFOC;PROSP
sauli'	pagsauliin	CAUS;A2F;NFIN
hila	ipanghila	IND;IFOC;NFIN
tingin	matignan	ABLTV;DIR;NFIN
aral	mapagaralan	ABLTV;PFOC;NFIN
tuloy	maipatuloy	ABLTV;CAUS;PFOC;NFIN
sayaw	sumayaw	IND;AGFOC;PFV
patingin	patitingnan	IND;PFOC;PROSP
tanong	matanong	ABLTV;DIR;NFIN
alala	pagalalahanin	CAUS;A2F;NFIN
kain	makain	ABLTV;PFOC;NFIN
alis	umaalis	IND;AGFOC;IPFV
tugtog	katutugtog	IND;AGFOC;RECPFV
alala	alalahanin	IND;PFOC;NFIN
buhat	buhatin	IND;PFOC;NFIN
akyat	magakyat	IND;AGFOC;NFIN
buhat	binuhat	IND;PFOC;PFV
tahi'	makatahi'	ABLTV;AGFOC;NFIN
saya	magsasaya	IND;AGFOC;PROSP
layo'	malayo'	ABLTV;DIR;NFIN
sukat	isinusukat	IND;PFOC;IPFV
iwan	makapagiwan	ABLTV;AGFOC;NFIN
tapos	tapusin	IND;PFOC;NFIN
patay	kapapagpatay	IND;AGFOC;RECPFV
tigil	tumigil	IND;AGFOC;PFV
hugas	pahugasan	CAUS;PFOC;NFIN
hintay	paghintayin	CAUS;A2F;NFIN
iwan	papagiwanin	CAUS;A2F;NFIN
balik	makabalik	ABLTV;AGFOC;NFIN
punta	pumunta	IND;AGFOC;PFV
lipat	inililipat	IND;PFOC;IPFV
dilig	dinilig	IND;PFOC;PFV
hiram	magpahiram	CAUS;A1F;NFIN
ganda	ikaganda	IND;RFOC;NFIN
laba	nilabahan	IND;PFOC;PFV
sali	pasalihan	IND;LFOC;NFIN
busog	mabusog	IND;AGFOC;NFIN
dalaw	dumalaw	IND;AGFOC;PFV
hinga	pahingahin	ABLTV;A2F;NFIN
hatid	naghahatid	IND;AGFOC;IPFV
bili	mamila	Distributive;AGFOC;NFIN
pasalubong	magpapasalubong	IND;AGFOC;PROSP
tulog	mapatulog	ABLTV;CAUS;PFOC;NFIN
hiwa'	naghiwa'	IND;AGFOC;PFV
lipad	paliparin	CAUS;PFOC;NFIN
tigil	mapatigil	Involuntary;AGFOC;NFIN
buhat	binubuhat	IND;PFOC;IPFV
alala	papagalalahanin	CAUS;A2F;NFIN
yakap	yumakap	IND;AGFOC;NFIN
alis	aalisin	IND;PFOC;PROSP
tugtog	maitugtog	ABLTV;PFOC;NFIN
linis	maglinis	IND;AGFOC;NFIN
laki	palakihin	CAUS;PFOC;NFIN
sakay	sasakay	IND;AGFOC;PROSP
higa	maghihiga'	IND;AGFOC;PROSP
balik	nagbabalik	IND;AGFOC;IPFV
ganap	gumanap	IND;AGFOC;NFIN
kagat	makagatan	ABLTV;DIR;NFIN
basa	makabasa	ABLTV;AGFOC;NFIN
biro'	magpabiro'	CAUS;AGFOC;NFIN
gamot	papaggamutin	CAUS;A2F;NFIN
sunog	nasunog	IND;PFOC;PFV
tinda	makapagtinda	ABLTV;AGFOC;NFIN
basa	mabasa	ABLTV;PFOC;NFIN
dinig	makarinig	ABLTV;AGFOC;NFIN
tigil	patigilin	CAUS;A2F;NFIN
ligpit	nililigpit	IND;PFOC;IPFV
pasalubong	pasalubungan	IND;DIR;NFIN
pili'	pagpilian	IND;DIR;NFIN
bawal	ibawal	IND;PFOC;NFIN
tago'	papagtaguan	CAUS;LFOC;NFIN
lamig	magpalamig	CAUS;A1F;NFIN
takbo	tumakbo	IND;AGFOC;NFIN
dasal	ipagdasal	IND;BFOC;NFIN
linis	magpalinis	CAUS;A1F;NFIN
haba'	kahahaba'	IND;AGFOC;RECPFV
upo'	nauupo'	IND;AGFOC;IPFV
kausap	ipakausap	CAUS;A2F;NFIN
nakaw	magnanakaw	IND;AGFOC;PROSP
sakay	makisakay	Associative;AGFOC;NFIN
sagot	kasasagot	IND;AGFOC;RECPFV
balita'	ibalita'	IND;PFOC;NFIN
dagdag	maidagdag	IND;AGFOC;NFIN
damdam	makakaramdam	IND;AGFOC;PROSP
talo	natatalo	IND;AGFOC;IPFV
biro'	ipabiro'	CAUS;PFOC;NFIN
pagbili	makapagbili	ABLTV;AGFOC;NFIN
suot	pagsuutin	CAUS;A2F;NFIN
dasal	dasalin	IND;PFOC;NFIN
alis	maalis	ABLTV;PFOC;NFIN
isip	magpaisip	CAUS;A1F;NFIN
pangako	ipapangako	IND;PFOC;PROSP
bihis	bihisan	IND;DIR;NFIN
gamit	ipagamit	CAUS;PFOC;NFIN
bilang	pabilangin	CAUS;A2F;NFIN
hiwa'	maghiwa'	IND;AGFOC;NFIN
tikim	patikman	CAUS;DIR;NFIN
tanong	makapagtanong	ABLTV;AGFOC;NFIN
bukas	maipagbukas	ABLTV;BFOC;NFIN
tayo'	makapagtayo'	ABLTV;AGFOC;NFIN
pangako	papangakuan	CAUS;DIR;NFIN
pilit	maipilit	ABLTV;PFOC;NFIN
laro	naglalaro'	IND;AGFOC;IPFV
isip	isipin	IND;PFOC;NFIN
puno'	nagpupuno'	IND;AGFOC;IPFV
laba	palabhan	CAUS;PFOC;NFIN
balik	magpabalik	CAUS;A1F;NFIN
alala	magalala	IND;AGFOC;NFIN
daan	maparaan	Involuntary;AGFOC;NFIN
upo'	maupuan	ABLTV;DIR;NFIN
pigil	pigilin	IND;DIR;NFIN
suot	pasuutan	CAUS;DIR;NFIN
patuloy	ipapagpatuloy	IND;PFOC;NFIN
bilang	binilang	IND;PFOC;PFV
linis	maglinis	IND;AGFOC;NFIN
bukas	buksan	IND;PFOC;NFIN
gamot	gumagamot	IND;AGFOC;IPFV
gawa'	ipagawa'	CAUS;PFOC;NFIN
pagod	makapagod	ABLTV;RFOC;NFIN
init	ipainit	CAUS;PFOC;NFIN
laba	ipalaba	CAUS;PFOC;NFIN
akyat	nagaakyat	IND;AGFOC;IPFV
talo	talunin	IND;DIR;NFIN
palit	makapalit	ABLTV;AGFOC;NFIN
tahi'	magpatahi'	CAUS;A1F;NFIN
halik	humalik	IND;AGFOC;NFIN
ganap	makaganap	ABLTV;AGFOC;NFIN
habol	hahabulin	IND;PFOC;PROSP
kain	kumain	IND;AGFOC;PFV
putol	paputulan	CAUS;DIR;NFIN
init	iniinit	IND;PFOC;IPFV
sunod	sumusunod	IND;AGFOC;IPFV
gamot	makapaggamot	ABLTV;AGFOC;NFIN
takip	papagtakpan	CAUS;PFOC;NFIN
gamot	makagamot	ABLTV;AGFOC;NFIN
pili'	mapagpilian	ABLTV;DIR;NFIN
labas	ipalabas	CAUS;PFOC;NFIN
takip	tatakpan	IND;PFOC;PROSP
laban	lumaban	IND;AGFOC;PFV
tugtog	tumugtog	IND;PFOC;NFIN
sira'	makasira'	ABLTV;AGFOC;NFIN
pagkaroon	kakakapagkaroon	IND;AGFOC;RECPFV
basag	magpabasag	CAUS;A1F;NFIN
patuloy	ipapapagpatuloy	IND;PFOC;PROSP
bilang	bilangin	IND;PFOC;NFIN
trabaho	nagtatrabaho	IND;AGFOC;IPFV
langoy	lumangoy	IND;AGFOC;NFIN
pilit	papilitin	CAUS;A2F;NFIN
gupit	gupitin	CAUS;A2F;NFIN
turo'	turuan	IND;DIR;NFIN
gulo	kagugulo	IND;PFOC;RECPFV
paligo'	papaliguan	IND;PFOC;PROSP
hingi'	makahingi'	ABLTV;AGFOC;NFIN
buhay	bumuhay	IND;AGFOC;NFIN
basag	babasagin	IND;PFOC;PROSP
labas	naglalabas	IND;AGFOC;IPFV
suot	papagsuutin	CAUS;A2F;NFIN
pili'	pillin	IND;PFOC;NFIN
hingi'	maihingi'	ABLTV;BFOC;NFIN
bura	papagburahin	CAUS;A2F;NFIN
ganti	gumanti	IND;AGFOC;NFIN
pakiusap	pakiusapan	IND;DIR;NFIN
gising	gumising	IND;AGFOC;NFIN
pasyal	magpapasyal	CAUS;A1F;NFIN
tanggap	tatanggap	IND;AGFOC;PROSP
kanta	kumanta	IND;AGFOC;PFV
basag	pabasagin	CAUS;A2F;NFIN
iwan	nagiwan	IND;AGFOC;PFV
linis	lumilinis	IND;PFOC;IPFV
palit	ipinapagpalit	IND;PFOC;IPFV
tanim	katatanim	IND;AGFOC;RECPFV
sama	makapagsama	ABLTV;AGFOC;NFIN
higa	mahihiga'	IND;AGFOC;PROSP
sayaw	ipasayaw	CAUS;PFOC;NFIN
patuloy	kapapagpatuloy	IND;AGFOC;RECPFV
tigil	makatigil	ABLTV;AGFOC;NFIN
sikap	pagsikapan	IND;DIR;NFIN
tawag	katatawag	IND;AGFOC;RECPFV
kuha	makuha	ABLTV;PFOC;NFIN
hingi'	mahingi'	ABLTV;PFOC;NFIN
takbo	makatakbo	ABLTV;AGFOC;NFIN
tawag	natawag	IND;PFOC;PFV
pagkaroon	nagkaroon	IND;AGFOC;PFV
layo'	malayfian	IND;AGFOC;NFIN
damdam	nagdamdam	IND;AGFOC;PFV
takip	matakpan	ABLTV;PFOC;NFIN
ligo'	naligo'	IND;AGFOC;PFV
buhay	buhayin	IND;PFOC;NFIN
balik	papagbalikin	CAUS;A2F;NFIN
gawa'	gumagawa'	IND;AGFOC;IPFV
dilig	madilig	ABLTV;PFOC;NFIN
buhay	namumuhay	IND;AGFOC;IPFV
pasyal	makapamasyal	ABLTV;Distributive;AGFOC;NFIN
takbo	magpatakbo	CAUS;A1F;NFIN
tanong	magtatanong	IND;AGFOC;PROSP
galaw	pagalawin	CAUS;A2F;NFIN
hugas	maghuhugas	IND;AGFOC;PROSP
sakit	sasakit	IND;AGFOC;PROSP
lakad	malakaran	ABLTV;LFOC;NFIN
hagis	ihahagis	IND;PFOC;PROSP
tigil	katitigil	IND;AGFOC;RECPFV
pangako	maipangako	ABLTV;PFOC;NFIN
tigil	magpatigil	CAUS;A1F;NFIN
dasal	makapagdasal	ABLTV;AGFOC;NFIN
baba'	ibinaba'	IND;PFOC;PFV
lapit	magpalapit	CAUS;A1F;NFIN
sagot	ipasagot	CAUS;PFOC;NFIN
galing	pagalingin	CAUS;A2F;NFIN
kanta	ikanta	IND;BFOC;NFIN
pasok	pasukan	IND;DIR;NFIN
hiram	humiram	IND;AGFOC;NFIN
tago'	pagtaguin	CAUS;A2F;NFIN
trabaho	makapagtrabaho	ABLTV;AGFOC;NFIN
punit	papunitan	CAUS;DIR;NFIN
dalaw	madalaw	ABLTV;DIR;NFIN
tawid	ipatawld	CAUS;DIR;NFIN
kuha	pakuhanan	CAUS;DIR;NFIN
salubong	makasalubong	ABLTV;AGFOC;NFIN
panood	pinanonood	IND;PFOC;IPFV
tingin	matingnan	ABLTV;DIR;NFIN
ganap	ginagampanan	IND;PFOC;IPFV
puno'	magpuno'	IND;AGFOC;NFIN
sulat	sulatan	IND;DIR;NFIN
alala	maalala	ABLTV;PFOC;NFIN
haba'	pahabaan	CAUS;PFOC;NFIN
tayo'	magtayo'	IND;AGFOC;NFIN
abot	kaaabot	IND;AGFOC;RECPFV
tuloy	tumuloy	IND;AGFOC;NFIN
hintay	hihintayin	IND;PFOC;PROSP
hawak	maghawakan	RECP;AGFOC;PL;NFIN
dating	dumarating	IND;AGFOC;IPFV
hiwa'	hihiwa'	IND;AGFOC;PROSP
higa	humiga'	IND;AGFOC;PFV
tugtog	itugtog	IND;PFOC;NFIN
nakaw	pagnakawin	CAUS;A2F;NFIN
ganap	ginaganap	IND;PFOC;IPFV
isip	magisip	IND;AGFOC;NFIN
palaki	nagpalaki	IND;AGFOC;PFV
kagat	kumagat	IND;AGFOC;NFIN
suot	magsuot	IND;AGFOC;NFIN
alis	alisin	IND;PFOC;NFIN
sali	masallhan	ABLTV;DIR;NFIN
turo'	itinuturo'	IND;PFOC;IPFV
suot	sumuot	IND;AGFOC;NFIN
abot	umabot	IND;AGFOC;PFV
halo'	naghalo'	IND;AGFOC;PFV
salubong	makasalubong	Accidental;DIR;NFIN
bukas	papagbukasin	CAUS;A2F;NFIN
ganda	gagandahan	IND;PFOC;PROSP
lipat	nailipat	IND;AGFOC;PFV
sama	pasamahan	CAUS;DIR;NFIN
kita	makakita	ABLTV;AGFOC;NFIN
kilos	kumilos	IND;AGFOC;NFIN
damdam	makararamdam	IND;AGFOC;PROSP
kopya	makakopya	ABLTV;AGFOC;NFIN
lagay	lagyan	IND;DIR;NFIN
pili'	makapili'	ABLTV;AGFOC;NFIN
sulat	maisulat	ABLTV;PFOC;NFIN
takot	ikatakot	IND;RFOC;NFIN
iyak	makaiyak	ABLTV;AGFOC;NFIN
tulog	patulugin	CAUS;A2F;NFIN
sara	isinara	IND;PFOC;PFV
tayo'	itatayo'	IND;PFOC;PROSP
punit	napupunit	IND;PFOC;IPFV
hagis	ihagis	IND;PFOC;NFIN
laki	lumaki	IND;AGFOC;PFV
halik	magpahalik	CAUS;A1F;NFIN
pilit	magpapilit	CAUS;A1F;NFIN
abot	iaabot	IND;PFOC;PROSP
palaki	nagpapalaki	IND;AGFOC;IPFV
halik	humalik	IND;AGFOC;NFIN
alaga'	magpaalaga'	CAUS;A1F;NFIN
dating	dumating	IND;AGFOC;NFIN
bukas	ipagbukas	IND;BFOC;NFIN
hiya'	mahiya'	IND;AGFOC;NFIN
hila	humila	IND;AGFOC;NFIN
umpisa	magumpiga	IND;AGFOC;NFIN
lakad	kalalakad	IND;AGFOC;RECPFV
sunod	pasundin	CAUS;A2F;NFIN
bilang	mabilangan	ABLTV;DIR;NFIN
ligaw	paligawin	CAUS;A2F;NFIN
pasalubong	nagpapasalubong	IND;AGFOC;IPFV
tulog	katutulog	IND;AGFOC;RECPFV
tago'	nagtago'	IND;AGFOC;PFV
patuloy	maipagpatuloy	ABLTV;PFOC;NFIN
tugtog	itutugtog	IND;PFOC;PFV
halo'	hinalo'	IND;PFOC;PFV
labas	maipalabas	ABLTV;CAUS;PFOC;NFIN
galaw	magalaw	ABLTV;PFOC;NFIN
mahal	magmahal	IND;AGFOC;NFIN
bukas	mabuksan	ABLTV;PFOC;NFIN
iyak	umiyak	IND;AGFOC;NFIN
tulog	natutulog	IND;AGFOC;IPFV
halo'	paghaluin	CAUS;A2F;NFIN
gulat	magpagulat	CAUS;A1F;NFIN
ligo'	maligo'	IND;AGFOC;NFIN
bayad	ibayad	IND;BFOC;NFIN
alaga'	magaalaga'	IND;AGFOC;PROSP
ganda	nagagandahan	IND;AGFOC;IPFV
tago'	nagtatago'	IND;AGFOC;IPFV
init	makainit	ABLTV;RFOC;NFIN
baba'	pababaan	CAUS;DIR;NFIN
sakay	isinakay	IND;PFOC;PFV
pakinig	makinig	IND;AGFOC;NFIN
palaki	palalakihin	IND;PFOC;PROSP
gulo	ikagulo	IND;RFOC;NFIN
pilit	magpilit	IND;AGFOC;NFIN
dilig	magdilig	IND;AGFOC;NFIN
higa	ihinihiga'	IND;PFOC;IPFV
hiwa'	hiwaan	IND;DIR;NFIN
layo'	inilalayo'	IND;PFOC;IPFV
pakinig	kapapakinig	IND;AGFOC;RECPFV
tinda	magtinda	IND;AGFOC;NFIN
gamot	magagamot	IND;AGFOC;PROSP
pilit	nagpipilit	IND;AGFOC;IPFV
dasal	dinasal	IND;PFOC;PFV
tinda	itininda	IND;PFOC;PFV
plantsa	plantsahin	IND;PFOC;NFIN
takip	katatakip	IND;AGFOC;RECPFV
ligaw	maligaw	IND;AGFOC;NFIN
alala	magaalala	IND;AGFOC;PROSP
pilit	napipilitan	IND;AGFOC;IPFV
tingin	katitingin	IND;AGFOC;RECPFV
tuloy	tumutuloy	IND;AGFOC;IPFV
turo'	ituro'	IND;PFOC;NFIN
tawag	nakatawag	IND;PFOC;PFV
sara	isinasara	IND;PFOC;IPFV
tawag	patawagan	CAUS;DIR;NFIN
sigaw	pasigawan	CAUS;DIR;NFIN
bili	binibili	IND;PFOC;IPFV
patingin	patingnan	IND;PFOC;NFIN
pakinig	mapakinggan	ABLTV;DIR;NFIN
hanap	hahanap	IND;AGFOC;PROSP
hiya'	ikahiya'	IND;RFOC;NFIN
suot	sinuot	IND;PFOC;PFV
tayo'	makatayo'	ABLTV;AGFOC;NFIN
palaki	papalakihin	IND;PFOC;PROSP
higa	naghihiga'	IND;AGFOC;IPFV
hiwa'	maipanghiwa'	ABLTV;IFOC;NFIN
ganda	gaganda	IND;AGFOC;PROSP
daan	daraan	IND;AGFOC;PROSP
ganti	gantihan	IND;DIR;NFIN
habol	maghabol	Intensive;AGFOC;NFIN
kagat	pakagatan	CAUS;DIR;NFIN
away	magaway	IND;AGFOC;PL;NFIN
bukas	bumukas	IND;PFOC;PFV
dasal	magdasal	IND;AGFOC;NFIN
pilit	ipinilit	IND;PFOC;PFV
upo'	paupuin	CAUS;A2F;NFIN
laro	maglalaro'	IND;AGFOC;PROSP
sigaw	masigawan	ABLTV;DIR;NFIN
turo'	nagturo'	IND;AGFOC;PFV
busog	mabubusog	IND;AGFOC;PROSP
palaki	makapagpalaki	ABLTV;AGFOC;NFIN
sunog	pagsunugin	CAUS;A2F;NFIN
tawag	tumawag	IND;AGFOC;PFV
bilang	bumibilang	IND;AGFOC;IPFV
bihis	naibihis	IND;AGFOC;PFV
hatid	maghatid	IND;AGFOC;NFIN
ganti	magpaganti	CAUS;A1F;NFIN
ipon	nagiipon	IND;AGFOC;IPFV
ibig	makaibig	ABLTV;AGFOC;NFIN
regalo	pagregaluhin	CAUS;A2F;NFIN
tuto	katututo	IND;AGFOC;RECPFV
tapos	nagtapos	IND;AGFOC;NFIN
tago'	pagtaguan	IND;LFOC;NFIN
suot	magpasuot	CAUS;A1F;NFIN
tanong	itinanong	IND;PFOC;PFV
hintay	makapaghintay	ABLTV;AGFOC;NFIN
tahi'	tumahi'	IND;AGFOC;PFV
sugal	magpasugal	CAUS;A1F;NFIN
patuloy	nagpatuloy	IND;AGFOC;PFV
hatid	ihatid	IND;PFOC;NFIN
sabi	sabihan	IND;DIR;NFIN
alis	umalis	IND;AGFOC;NFIN
linis	lininis	IND;PFOC;PFV
dalaw	dumadalaw	IND;AGFOC;IPFV
sakay	nagsakay	IND;AGFOC;PFV
labas	magpalabas	CAUS;A1F;NFIN
labas	lumabas	IND;AGFOC;NFIN
pasok	ipinapasok	IND;PFOC;IPFV
tanggap	tumatanggap	IND;AGFOC;IPFV
puno'	punuin	IND;PFOC;NFIN
basa	ipabasa	CAUS;PFOC;NFIN
dating	makarating	ABLTV;AGFOC;NFIN
pakamatay	nagpakamatay	IND;AGFOC;PFV
tawid	tumawid	IND;PFOC;NFIN
lipad	lumipad	IND;AGFOC;NFIN
bukas	magbukas	IND;AGFOC;NFIN
sara	isasara	IND;PFOC;PROSP
alis	maalisan	ABLTV;DIR;NFIN
pili'	pumili'	IND;AGFOC;NFIN
habol	humahabol	IND;AGFOC;IPFV
hinto'	ihihinto'	IND;PFOC;PROSP
hatid	paghatirin	CAUS;A2F;NFIN
galaw	ginagalaw	IND;PFOC;IPFV
ibig	iibigin	IND;PFOC;PROSP
hinga	maghihinga	IND;AGFOC;PROSP
gasta	kagagasta	IND;AGFOC;RECPFV
galing	manggaling	IND;AGFOC;NFIN
lapit	lalapit	IND;AGFOC;PROSP
pigil	magpigil	IND;AGFOC;NFIN
bawal	nagbawal	IND;AGFOC;PFV
lipat	maglipat	IND;AGFOC;NFIN
bawal	magbawal	IND;AGFOC;NFIN
lakad	maglakad	Intensive;AGFOC;NFIN
init	ininit	IND;PFOC;PFV
lakad	lumakad	IND;AGFOC;PFV
ganap	magampanan	ABLTV;PFOC;NFIN
pili'	magpapili'	CAUS;A1F;NFIN
saya	magpasaya	CAUS;A1F;NFIN
sukat	maisukat	ABLTV;PFOC;NFIN
tanong	magtanong	IND;AGFOC;NFIN
galaw	gagalawin	IND;PFOC;PROSP
panood	pinanood	IND;PFOC;PFV
handa'	ihinanda'	IND;PFOC;PFV
layo'	kalalayo'	IND;AGFOC;RECPFV
tawag	matatawag	IND;PFOC;PROSP
bihis	makapagbihis	ABLTV;AGFOC;NFIN
basa	kababasa	IND;AGFOC;RECPFV
gulat	magulat	ABLTV;DIR;NFIN
tulong	patulungan	CAUS;DIR;NFIN
palit	ipapalit	IND;PFOC;PROSP
alis	paalisin	CAUS;A2F;NFIN
aksaya	pagaksayahin	CAUS;A2F;NFIN
aksaya	pagaksayahan	IND;DIR;NFIN
pasalubong	magpasalubong	IND;AGFOC;NFIN
daan	paraanin	CAUS;A2F;NFIN
hanap	kahahanap	IND;AGFOC;RECPFV
hagis	naghagis	IND;AGFOC;PFV
hiwa'	maghiwa'	IND;AGFOC;NFIN
punas	pinunasan	IND;PFOC;PFV
bati'	magbati'	IND;AGFOC;NFIN
usap	magkausap	Accidental;AGFOC;PL;NFIN
kilala	kikilalanin	IND;PFOC;PROSP
ligaw	lumigaw	IND;AGFOC;NFIN
ayos	papagayusin	CAUS;A2F;NFIN
pasyal	magpasyal	IND;AGFOC;NFIN
alaga'	inaalagaan	IND;PFOC;IPFV
punit	pinunit	IND;PFOC;PFV
gulat	magulat	IND;AGFOC;NFIN
pagusap	makipagusap	Associative;AGFOC;NFIN
talo	matatalo	IND;AGFOC;PROSP
takot	tatakutin	IND;PFOC;PROSP
hinto'	hihinto'	IND;AGFOC;PROSP
tugtog	tumugtog	IND;AGFOC;NFIN
hiram	humihiram	IND;AGFOC;IPFV
kita	makita	ABLTV;PFOC;NFIN
alam	alamin	IND;PFOC;NFIN
basa	magbasa	Intensive;AGFOC;NFIN
tayo'	ipatayo'	CAUS;PFOC;NFIN
init	magpainit	CAUS;A1F;NFIN
akyat	makapagakyat	ABLTV;AGFOC;NFIN
dasal	nagdarasal	IND;AGFOC;IPFV
laro	nilalaro'	IND;PFOC;IPFV
halik	halikan	IND;DIR;NFIN
plantsa	nagpaplantsa	IND;AGFOC;IPFV
punas	magpapunas	CAUS;A1F;NFIN
punta	nagpupunta	IND;AGFOC;IPFV
bawal	kababawal	IND;AGFOC;RECPFV
laba	linabhan	IND;PFOC;PFV
pagkaroon	magkaroon	IND;AGFOC;NFIN
salubong	sasalubong	IND;AGFOC;PROSP
gising	magising	ABLTV;PFOC;NFIN
kilos	kumilos	IND;AGFOC;PFV
aral	pinagaralan	IND;PFOC;PFV
sabi	masabi	ABLTV;PFOC;NFIN
lipad	magpalipad	CAUS;A1F;NFIN
laba	naglalaba	IND;AGFOC;IPFV
hinto'	huminto'	IND;AGFOC;NFIN
sugal	sugalin	ABLTV;PFOC;NFIN
hiram	kahihiram	IND;AGFOC;RECPFV
laba	makapaglaba	ABLTV;AGFOC;NFIN
hatid	maghatid	IND;AGFOC;NFIN
sara	papagsarahin	CAUS;A2F;NFIN
dasal	magpadasal	CAUS;A1F;NFIN
maneho	makapagmaneho	ABLTV;AGFOC;NFIN
baba'	bumaba'	IND;AGFOC;NFIN
gamot	maipanggamot	ABLTV;IFOC;NFIN
bura	ipambura	IND;IFOC;NFIN
gupit	igupit	IND;BFOC;NFIN
hingi'	kahihingi'	IND;AGFOC;RECPFV
tulog	tulugan	IND;DIR;NFIN
pasok	mapasok	ABLTV;DIR;NFIN
punas	magpupunas	IND;AGFOC;PROSP
kopya	pakopyahan	CAUS;DIR;NFIN
saya	sumasaya	IND;AGFOC;IPFV
upo'	uupo'	IND;AGFOC;PROSP
sakit	kakakasakit	IND;AGFOC;RECPFV
gamot	maggamot	IND;AGFOC;NFIN
ganti	magantihan	ABLTV;DIR;NFIN
bigo'	bibiguin	IND;PFOC;PROSP
gulo	makagulo	ABLTV;RFOC;NFIN
salubong	masalubong	Accidental;DIR;NFIN
galing	kagagaling	IND;AGFOC;RECPFV
langoy	lumalangoy	IND;AGFOC;IPFV
asa	umasa	IND;AGFOC;NFIN
hiram	makahiram	ABLTV;AGFOC;NFIN
tawid	itawld	IND;PFOC;NFIN
sira'	masira'	IND;PFOC;NFIN
sakay	kasasakay	IND;AGFOC;RECPFV
ayos	kaaayos	IND;PFOC;RECPFV
turo'	ituturo'	IND;PFOC;PROSP
lipat	makalipat	ABLTV;AGFOC;NFIN
dasal	ipagdasal	CAUS;PFOC;NFIN
dilig	nagdilig	IND;AGFOC;PFV
ganda	pagandahan	CAUS;DIR;NFIN
tugtog	magpatugtog	CAUS;A1F;NFIN
ayos	maipaayos	ABLTV;CAUS;PFOC;NFIN
tingin	tumingin	IND;AGFOC;NFIN
sayaw	sumayaw	IND;AGFOC;NFIN
regalo	iregalo	IND;PFOC;NFIN
sama	samahan	IND;DIR;NFIN
hagis	paghagisin	CAUS;A2F;NFIN
sabi	magpasabi	CAUS;A1F;NFIN
harap	paharapin	CAUS;A2F;NFIN
regalo	inireregalo	IND;PFOC;IPFV
laba	nilalabahan	IND;PFOC;IPFV
sara	kasasara	IND;AGFOC;RECPFV
gising	gumigising	IND;AGFOC;IPFV
palit	magpapalit	CAUS;A1F;NFIN
hila	hinihila	IND;PFOC;IPFV
panood	mapanood	ABLTV;PFOC;NFIN
pasok	pumasok	IND;AGFOC;NFIN
takbo	tumakbo	IND;AGFOC;NFIN
takip	pagtakipin	CAUS;A2F;NFIN
sukat	ipasukat	CAUS;PFOC;NFIN
panalo	papanaluhin	CAUS;A2F;NFIN
pinta	kapipinta	IND;AGFOC;RECPFV
buhay	bubuhayin	IND;PFOC;PROSP
halo'	maghalo'	IND;AGFOC;NFIN
dagdag	padagdagan	CAUS;DIR;NFIN
tawid	katatawid	IND;PFOC;RECPFV
ipon	naipon	IND;PFOC;PFV
bura	binura	IND;PFOC;PFV
pasyal	pasyalan	IND;DIR;NFIN
ibig	iibig	IND;AGFOC;PROSP
laro	lalaruin	IND;PFOC;PROSP
tugtog	tutugtugin	IND;PFOC;PROSP
pilit	magpumilit	Intensive;AGFOC;NFIN
gising	gumising	IND;AGFOC;NFIN
akyat	iniakyat	IND;PFOC;PFV
kopya	pakopyahin	CAUS;A2F;NFIN
hugas	hinuhugasan	IND;PFOC;IPFV
tuloy	tumuloy	IND;AGFOC;PFV
suot	susuutin	IND;PFOC;PROSP
takbo	tatakbo	IND;AGFOC;PROSP
gawa'	kagagawa'	IND;AGFOC;RECPFV
pagod	magpapagod	CAUS;A1F;NFIN
talon	tumatalon	IND;AGFOC;IPFV
damdam	magdaramdam	IND;AGFOC;PROSP
kuha	kunin	IND;PFOC;NFIN
suot	nagsuot	IND;AGFOC;PFV
hintay	magpahintay	CAUS;A1F;NFIN
tawid	papagtawirin	CAUS;A2F;NFIN
salubong	magpasalubong	CAUS;A1F;NFIN
tawag	matawag	IND;PFOC;NFIN
trabaho	magtratrabaho	IND;AGFOC;PROSP
kuha	kumuha	IND;AGFOC;NFIN
paligo'	papaliguan	CAUS;PFOC;NFIN
halo'	maipanghalo'	ABLTV;IFOC;NFIN
unawa'	magpaunawa'	CAUS;A1F;NFIN
sulat	sumusulat	IND;AGFOC;IPFV
paligo'	pinapaliguan	IND;PFOC;IPFV
lagay	ilalagay	IND;PFOC;PROSP
busog	nabubusog	IND;AGFOC;IPFV
ipon	nagipon	IND;AGFOC;PFV
trabaho	nagtrabaho	IND;AGFOC;PFV
palit	magpalit	IND;AGFOC;NFIN
puno'	mapuno'	IND;PFOC;NFIN
bura	magpabura	CAUS;A1F;NFIN
panalo	pinananalunan	IND;PFOC;IPFV
layo'	lumayo'	IND;AGFOC;NFIN
trabaho	katatrabaho	IND;AGFOC;RECPFV
tulog	matulog	IND;AGFOC;NFIN
plantsa	nagplantsa	IND;AGFOC;PFV
hinga	huminga	IND;AGFOC;PFV
higa	mahiga'	IND;AGFOC;NFIN
ganti	kagaganti	IND;AGFOC;RECPFV
sagot	masagot	ABLTV;DIR;NFIN
sayaw	sinasayaw	IND;PFOC;IPFV
isip	pinagiisipan	IND;PFOC;IPFV
sara	ipasara	CAUS;PFOC;NFIN
ipon	magipon	IND;AGFOC;NFIN
hinga	makahinga	ABLTV;A1F;NFIN
halo'	mahaluan	ABLTV;DIR;NFIN
sabi	sinasabi	IND;PFOC;IPFV
away	makaaway	ABLTV;DIR;NFIN
sukat	pasukatin	CAUS;A2F;NFIN
lapit	lumalapit	IND;AGFOC;IPFV
hingi'	pahingin	CAUS;A2F;NFIN
sukat	magsusukat	IND;AGFOC;PROSP
aksaya	maaksaya	ABLTV;PFOC;NFIN
pilit	mapipilit	ABLTV;AGFOC;NFIN
sira'	kasisira'	IND;PFOC;RECPFV
pinta	magpinta	IND;AGFOC;NFIN
tawa	magpatawa'	CAUS;A1F;NFIN
takbo	tumatakbo	IND;AGFOC;IPFV
pasok	papagpasukin	CAUS;A2F;NFIN
hawak	humawak	IND;AGFOC;PFV
sulat	sumulat	IND;AGFOC;NFIN
sara	sumasara	IND;PFOC;IPFV
liko'	iliniliko'	IND;PFOC;IPFV
pili'	pinili'	IND;PFOC;PFV
lakas	lumakas	IND;AGFOC;PFV
nakaw	ninakaw	IND;PFOC;PFV
sugal	makapagsugal	ABLTV;AGFOC;NFIN
halo'	inihalo'	IND;PFOC;PFV
bigay	maibigay	ABLTV;PFOC;NFIN
dagdag	kadaragdag	IND;AGFOC;RECPFV
aksaya	nagaaksaya	IND;AGFOC;IPFV
pinta	magpinta	IND;AGFOC;NFIN
hinto'	makapaghinto'	ABLTV;AGFOC;NFIN
lapit	mapalapit	Accidental;AGFOC;NFIN
pansin	pumansin	IND;AGFOC;PFV
pagod	ikapagod	IND;RFOC;NFIN
hugas	kahuhugas	IND;AGFOC;RECPFV
sakay	maisakay	ABLTV;PFOC;NFIN
turo'	maturuan	ABLTV;DIR;NFIN
linis	maglilinis	IND;AGFOC;PROSP
unawa'	makaunawa'	ABLTV;AGFOC;NFIN
haba'	makahaba'	ABLTV;RFOC;NFIN
putol	maputol	ABLTV;PFOC;NFIN
lipat	mailipat	ABLTV;PFOC;NFIN
sabi	nagsabi	IND;AGFOC;PFV
kilala	kilalanin	IND;PFOC;NFIN
bili	bilhin	IND;PFOC;NFIN
haba'	magpahaba'	CAUS;A1F;NFIN
init	paginitin	CAUS;A2F;NFIN
hanap	magpahanap	CAUS;A1F;NFIN
sama	sumama	IND;AGFOC;NFIN
akyat	iakyat	IND;PFOC;NFIN
tapos	magtapos	IND;AGFOC;NFIN
tinda	nagtitinda	IND;AGFOC;IPFV
punta	pupunta	IND;AGFOC;PROSP
hatid	kahahatid	IND;AGFOC;RECPFV
paalam	nagpapaalam	IND;AGFOC;IPFV
sulat	sumulat	IND;AGFOC;NFIN
ngiti	kangingiti'	IND;AGFOC;RECPFV
intindi	kaiintindi	IND;AGFOC;RECPFV
sunog	magsunog	IND;AGFOC;NFIN
palit	papalitin	CAUS;A2F;NFIN
punas	pupunasan	IND;PFOC;PROSP
dala	papagdalhin	CAUS;A2F;NFIN
lamig	lumalamig	IND;PFOC;IPFV
bigay	naibigay	IND;AGFOC;PFV
iwan	magiwan	IND;AGFOC;NFIN
tanong	nagtatanong	IND;AGFOC;IPFV
sulat	sumulat	IND;AGFOC;PFV
aksaya	inaksaya	IND;PFOC;PFV
sama	makasama	ABLTV;AGFOC;NFIN
abot	umabot	IND;AGFOC;NFIN
pakinig	makinig	IND;AGFOC;NFIN
langoy	malangoy	ABLTV;DIR;NFIN
tago'	magtago'	IND;AGFOC;NFIN
pasok	kapapasok	IND;AGFOC;RECPFV
dagdag	maidagdag	IND;AGFOC;NFIN
pangako	magpapangako	CAUS;A1F;NFIN
palaki	mapalaki	ABLTV;PFOC;NFIN
hinto'	ihihinto'	IND;PFOC;PFV
labas	maglabas	IND;AGFOC;NFIN
lagay	ilagay	IND;PFOC;NFIN
kagat	kagatin	IND;PFOC;NFIN
pangyari	mangyari	IND;DIR;NFIN
luto'	lutuin	IND;PFOC;NFIN
tugtog	tumutugtog	IND;AGFOC;IPFV
palit	mapalitan	ABLTV;DIR;NFIN
pilit	pilitin	IND;DIR;NFIN
aral	magpaaral	CAUS;A1F;NFIN
gulo	magugulo	IND;AGFOC;PROSP
takbo	katatakbo	IND;AGFOC;RECPFV
haba'	habaan	IND;PFOC;NFIN
liko'	magpaliko'	CAUS;A1F;NFIN
gamit	gamitin	IND;PFOC;NFIN
gasta	paggastahan	IND;DIR;NFIN
hiya'	hiyain	IND;DIR;NFIN
hugas	ipahugas	CAUS;PFOC;NFIN
hinto'	naghihinto'	IND;AGFOC;IPFV
iyak	paiyakin	CAUS;A2F;NFIN
gamot	gumamot	IND;AGFOC;PFV
buhay	bumubuhay	IND;AGFOC;IPFV
tulong	matulungan	ABLTV;DIR;NFIN
daan	magdaan	IND;AGFOC;NFIN
palit	pumapalit	IND;AGFOC;IPFV
sayaw	makasayaw	ABLTV;AGFOC;NFIN
ligpit	iliniligpit	IND;PFOC;IPFV
sara	papagsarhin	CAUS;A2F;NFIN
inom	ininom	IND;PFOC;PFV
pilit	mapipilitan	IND;AGFOC;PROSP
laba	magpalaba	CAUS;A1F;NFIN
ligpit	papagligpitin	CAUS;A2F;NFIN
sunog	susunugin	IND;PFOC;PROSP
ganti	gumanti	IND;AGFOC;PFV
tahi'	patahiin	CAUS;A2F;NFIN
laro	malaro'	ABLTV;PFOC;NFIN
maging	maging	IND;AGFOC;NFIN
patingin	nagpatingin	IND;AGFOC;PFV
dagdag	nagdagdag	IND;AGFOC;PFV
bihis	maibihis	ABLTV;PFOC;NFIN
bura	magbura	IND;AGFOC;NFIN
bihis	papagbihisin	CAUS;A2F;NFIN
inom	umiinom	IND;AGFOC;IPFV
balita'	ibinabalita'	IND;PFOC;IPFV
higa	papaghigain	CAUS;A2F;NFIN
sakay	sumasakay	IND;AGFOC;IPFV
sakay	makasakay	ABLTV;AGFOC;NFIN
limot	lumimot	IND;AGFOC;NFIN
baba'	makababa'	ABLTV;AGFOC;NFIN
punta	magpapunta	CAUS;A1F;NFIN
tanim	papagtanimin	CAUS;A2F;NFIN
tayo'	magpatayo'	CAUS;A1F;NFIN
sikap	sikapin	IND;PFOC;NFIN
kanta	maikanta	ABLTV;BFOC;NFIN
akyat	umakyat	IND;AGFOC;NFIN
tuto	natutunan	IND;PFOC;PFV
sukat	sumusukat	IND;AGFOC;IPFV
dala	kadadala	IND;AGFOC;RECPFV
ligaw	naligaw	IND;AGFOC;PFV
kilos	kumilos	IND;AGFOC;NFIN
abot	magabot	IND;AGFOC;NFIN
balita'	nagbabalita'	IND;AGFOC;IPFV
pasyal	ipasyal	IND;BFOC;NFIN
kain	ipakain	CAUS;PFOC;NFIN
tikim	tinikman	IND;PFOC;PFV
bilang	bibilangin	IND;PFOC;PROSP
uwi'	naguuwi'	IND;AGFOC;IPFV
panood	pinapanood	IND;PFOC;IPFV
sama	isasama	IND;PFOC;PROSP
paligo'	paliguan	IND;PFOC;NFIN
huli	humuli	IND;AGFOC;PFV
patuloy	ipinapapagpatuloy	IND;PFOC;IPFV
kilala	kumilala	IND;AGFOC;NFIN
tawa	mapatawa	Involuntary;AGFOC;NFIN
lipat	kalilipat	IND;AGFOC;RECPFV
pasok	magpapasok	IND;AGFOC;PROSP
turo'	magturo'	IND;AGFOC;NFIN
gasta	gumasta	IND;AGFOC;NFIN
damdam	damdamin	IND;DIR;NFIN
init	uminit	IND;AGFOC;PFV
gamot	kagagamot	IND;AGFOC;RECPFV
ingay	kaiingay	IND;AGFOC;RECPFV
maneho	magmaneho	IND;AGFOC;NFIN
intindi	magkaintindihan	RECP;AGFOC;PL;NFIN
daan	nagdaan	IND;AGFOC;PFV
putol	pumutol	IND;AGFOC;NFIN
handa'	paghandain	CAUS;A2F;NFIN
laro	naglaro'	IND;AGFOC;PFV
sira'	sirain	IND;PFOC;NFIN
sakay	pasakyan	CAUS;DIR;NFIN
intindi	pagintindihin	CAUS;A2F;NFIN
bukas	bumukas	IND;PFOC;PROSP
putol	pumuputol	IND;AGFOC;IPFV
kausap	makausap	Accidental;DIR;NFIN
akyat	umakyat	IND;AGFOC;PFV
patay	magpapatay	IND;AGFOC;PROSP
gulo	paguluhin	CAUS;A2F;NFIN
iwan	naiiwan	IND;AGFOC;IPFV
gulo	naguguluhan	IND;AGFOC;IPFV
umpisa	umpisahan	IND;PFOC;NFIN
gising	kagigising	IND;PFOC;RECPFV
kuha	kinuha	IND;PFOC;PFV
takbo	takbuhan	IND;DIR;NFIN
bati'	bumati'	IND;AGFOC;PFV
layo'	malalayuan	IND;AGFOC;PROSP
iyak	magumiyak	Intensive;AGFOC;NFIN
takip	nagtatakip	IND;AGFOC;IPFV
higa	nahiga'	IND;AGFOC;PFV
ganap	gampanan	IND;PFOC;NFIN
saya	ikasaya	IND;RFOC;NFIN
halo'	haluin	IND;PFOC;NFIN
abot	maabutan	ABLTV;DIR;NFIN
damdam	nararamdaman	IND;PFOC;IPFV
ganap	gampanan	IND;PFOC;NFIN
kilos	pakilusin	CAUS;A2F;NFIN
talo	matalo	ABLTV;DIR;NFIN
sama'	sasama'	IND;AGFOC;PROSP
umpisa	makapagumpisa	ABLTV;AGFOC;NFIN
dating	dumating	IND;AGFOC;PFV
bati'	batian	IND;DIR;NFIN
pasok	pumasok	IND;AGFOC;PFV
bayad	ipambayad	IND;IFOC;NFIN
hintay	maghihintay	IND;AGFOC;PROSP
harap	maharap	ABLTV;DIR;NFIN
halo'	haluin	IND;PFOC;NFIN
balik	ibinalik	IND;PFOC;PFV
tahi'	itahi'	IND;BFOC;NFIN
punta	magpupunta	IND;AGFOC;PROSP
aral	papagaralin	CAUS;A2F;NFIN
kopya	kopyahan	IND;DIR;NFIN
handa'	makapaghanda'	ABLTV;AGFOC;NFIN
luto'	maluto'	ABLTV;PFOC;NFIN
tayo'	tumayo'	IND;AGFOC;NFIN
pilit	mapilitan	IND;AGFOC;NFIN
hanap	hanapan	IND;DIR;NFIN
dasal	maipagdasal	ABLTV;BFOC;NFIN
panalo	ipapanalo	CAUS;PFOC;NFIN
tapos	magpatapos	CAUS;A1F;NFIN
balik	makapagbalik	ABLTV;AGFOC;NFIN
tulog	makatulog	ABLTV;AGFOC;NFIN
punit	pupunitin	IND;PFOC;PROSP
sugal	papagsugalin	CAUS;A2F;NFIN
kopya	maikopya	ABLTV;BFOC;NFIN
sali	magsali	IND;AGFOC;NFIN
umpisa	magpaumpisa	CAUS;A1F;NFIN
puno'	napuno'	IND;PFOC;PFV
ayos	magayos	IND;AGFOC;NFIN
tanggap	patanggapin	CAUS;A2F;NFIN
hugas	maipanghugas	ABLTV;IFOC;NFIN
daan	magdaan	IND;AGFOC;NFIN
dinig	parinigin	CAUS;A2F;NFIN
puno'	kapupuno'	IND;PFOC;RECPFV
habol	makahabol	ABLTV;AGFOC;NFIN
sara	isara	IND;PFOC;NFIN
ipon	magpaipon	CAUS;A1F;NFIN
bili	bumili	IND;AGFOC;PFV
kilala	makilala	ABLTV;PFOC;NFIN
gamot	ginamot	IND;PFOC;PFV
kilala	kumilala	IND;AGFOC;NFIN
laro	nilaro'	IND;PFOC;PFV
laro	paglaruan	IND;PFOC;NFIN
tapos	nagtapos	IND;AGFOC;NFIN
regalo	magregalo	IND;AGFOC;NFIN
tugtog	itinutugtog	IND;PFOC;IPFV
hiwa'	makahiwa'	ABLTV;AGFOC;NFIN
laro	papaglaruin	CAUS;A2F;NFIN
nakaw	nakawan	IND;DIR;NFIN
tawid	tatawid	IND;PFOC;PROSP
laba	palabahan	CAUS;PFOC;NFIN
tinda	pagtindahin	CAUS;A2F;NFIN
tanim	ipatanim	CAUS;PFOC;NFIN
galaw	gumalaw	IND;AGFOC;NFIN
sama	magsasama	IND;AGFOC;PROSP
ligaw	lumiligaw	IND;AGFOC;IPFV
laba	linabahan	IND;PFOC;PFV
alaga'	alagaan	IND;PFOC;NFIN
ganda	ginandahan	IND;PFOC;PFV
alala	inalala	IND;PFOC;PFV
ibig	umibig	IND;AGFOC;NFIN
sulat	isusulat	IND;PFOC;PROSP
tugtog	tutugtog	IND;AGFOC;PROSP
daan	dumaan	IND;AGFOC;NFIN
sayaw	sayawan	IND;DIR;NFIN
sakay	sakyan	IND;DIR;NFIN
lakas	lumalakas	IND;AGFOC;IPFV
gulat	manggulat	Distributive;AGFOC;NFIN
huli	pahulihin	CAUS;A2F;NFIN
galing	gumaling	IND;AGFOC;NFIN
sayaw	kasasayaw	IND;AGFOC;RECPFV
hatid	maghahatid	IND;AGFOC;PROSP
hila	hihila	IND;AGFOC;PROSP
gamit	paggamitan	CAUS;DIR;NFIN
bura	burahin	IND;PFOC;NFIN
alaga'	ipaalaga'	CAUS;PFOC;NFIN
pangako	mangako	IND;AGFOC;NFIN
palit	papagpalitin	CAUS;A2F;NFIN
hanap	hinahanap	IND;PFOC;IPFV
alaga'	nagalaga'	IND;AGFOC;PFV
ibig	ibigin	IND;PFOC;NFIN
punit	pinupunit	IND;PFOC;IPFV
turo'	makapagturo'	ABLTV;AGFOC;NFIN
sauli'	isauli'	IND;PFOC;NFIN
sali	nagsasali	IND;AGFOC;IPFV
aksaya	aksayahin	IND;PFOC;NFIN
mahal	mapamahal	Involuntary;DIR;NFIN
aksaya	kaaaksaya	IND;AGFOC;RECPFV
layo'	palayuin	CAUS;A2F;NFIN
lagay	ipalagay	CAUS;PFOC;NFIN
hagis	naghahagis	IND;AGFOC;IPFV
buhat	maipambuhat	ABLTV;IFOC;NFIN
punta	nagpunta	IND;AGFOC;PFV
dinig	magparinig	CAUS;A1F;NFIN
gupit	magupitan	ABLTV;DIR;NFIN
punas	nagpunas	IND;AGFOC;PFV
sabi	sinabi	IND;PFOC;PFV
hiwa'	maihiwa'	ABLTV;BFOC;NFIN
hintay	kahihintay	IND;AGFOC;RECPFV
takbo	matakbo	ABLTV;DIR;NFIN
dagdag	magpadagdag	CAUS;A1F;NFIN
handa'	maipahanda'	ABLTV;CAUS;PFOC;NFIN
kilala	kakikilala	IND;AGFOC;RECPFV
paalam	magpapaalam	IND;AGFOC;PROSP
lapit	lumapit	IND;AGFOC;NFIN
dasal	papagdasalin	CAUS;A2F;NFIN
sagot	maisagot	ABLTV;PFOC;NFIN
sikap	nagsikap	IND;AGFOC;PFV
tingin	titingin	IND;AGFOC;PROSP
yakap	mayakap	ABLTV;DIR;NFIN
tayo'	tayuan	IND;DIR;NFIN
hagis	inihagis	IND;PFOC;PFV
bilang	bumilang	IND;AGFOC;NFIN
tanggap	tumanggap	IND;AGFOC;NFIN
tingin	tumitingin	IND;AGFOC;IPFV
kopya	kinokopya	IND;PFOC;IPFV
tanggap	tumanggap	IND;AGFOC;PFV
bawal	papagbawalan	CAUS;DIR;NFIN
pakilala	maipakilala	ABLTV;DIR;NFIN
kuha	pakunin	CAUS;A2F;NFIN
sama	sumama	IND;AGFOC;NFIN
hila	hilahan	IND;DIR;NFIN
sunog	masusunog	IND;PFOC;PROSP
pakiusap	makikiusap	IND;AGFOC;PROSP
gupit	ginugupit	IND;PFOC;IPFV
tayo'	patayuan	CAUS;DIR;NFIN
alala	nagalala	IND;AGFOC;PFV
dilig	padiligan	CAUS;PFOC;NFIN
patuloy	pagpatuluyin	CAUS;A2F;NFIN
dasal	pagdasalin	CAUS;A2F;NFIN
tugtog	ipatugtog	CAUS;PFOC;NFIN
alaga'	paalagaan	CAUS;PFOC;NFIN
tawag	matawagan	IND;DIR;NFIN
kain	kumakain	IND;AGFOC;IPFV
labas	ilinalabas	IND;PFOC;IPFV
tuto	matutuhan	IND;PFOC;NFIN
plantsa	ipaplantsa	CAUS;PFOC;NFIN
hiwa'	humihiwa'	IND;AGFOC;IPFV
intindi	nagintindi	IND;AGFOC;PFV
dating	datnan	IND;DIR;NFIN
tawid	tumatawid	IND;PFOC;IPFV
bati'	mabati'	ABLTV;DIR;NFIN
ganap	kagaganap	IND;AGFOC;RECPFV
gupit	ipaguplt	CAUS;PFOC;NFIN
gamot	paggamutin	CAUS;A2F;NFIN
ganda	magandahan	IND;AGFOC;NFIN
punit	mapupunit	IND;PFOC;PROSP
ligpit	nagliligpit	IND;AGFOC;IPFV
sayaw	magsayaw	IND;AGFOC;NFIN
dilig	diligin	IND;PFOC;NFIN
ayos	inaayos	IND;PFOC;IPFV
sukat	pasukatan	CAUS;DIR;NFIN
gising	gisingin	IND;PFOC;NFIN
linis	lilinisin	IND;PFOC;PROSP
lakas	malakasan	ABLTV;PFOC;NFIN
alala	ipaalala	CAUS;PFOC;NFIN
linis	paglinisin	CAUS;A2F;NFIN
uwi'	iniuuwi'	IND;PFOC;IPFV
ipon	pagipunin	CAUS;A2F;NFIN
gulo	magulo	IND;AGFOC;NFIN
sunog	masunog	ABLTV;PFOC;NFIN
bati'	kapagbabati'	IND;AGFOC;RECPFV
damdam	naramdaman	IND;PFOC;PFV
handa'	magpahanda'	CAUS;A1F;NFIN
basag	binabasag	IND;PFOC;IPFV
away	maaway	ABLTV;DIR;NFIN
daan	dumaraan	IND;AGFOC;IPFV
dasal	magdarasal	IND;AGFOC;PROSP
pangako	pangakuan	IND;DIR;NFIN
higa	hihiga'	IND;AGFOC;PROSP
hila	humihila	IND;AGFOC;IPFV
gamit	magpagamit	CAUS;A1F;NFIN
ayos	pagayusin	CAUS;A2F;NFIN
salubong	sumalubong	IND;AGFOC;NFIN
sikap	magsikap	IND;AGFOC;NFIN
gasta	ginasta	IND;PFOC;PFV
dasal	kadarasal	IND;AGFOC;RECPFV
palaki	kapapalaki	IND;AGFOC;RECPFV
sagot	sagutin	IND;DIR;NFIN
hiwa'	papaghiwain	CAUS;A2F;NFIN
iwan	magiwan	IND;AGFOC;NFIN
alala	alalahanin	IND;DIR;NFIN
ligpit	ligpitin	IND;PFOC;NFIN
baba'	nagbababa'	IND;AGFOC;IPFV
sugal	nagsusugal	IND;AGFOC;IPFV
sama	isinasama	IND;PFOC;IPFV
ingay	umiingay	IND;AGFOC;IPFV
balik	bumalik	IND;AGFOC;NFIN
baba'	ibaba'	IND;PFOC;NFIN
pasok	papasukin	CAUS;AGFOC;NFIN
sakit	magkasakit	IND;AGFOC;NFIN
pakilala	magpakilala	IND;AGFOC;NFIN
umpisa	uumpisahan	IND;PFOC;PROSP
alam	inalam	IND;PFOC;PFV
kagat	kinagat	IND;PFOC;PFV
alala	paalalahanan	CAUS;A2F;NFIN
sali	sumali	IND;AGFOC;NFIN
saya	makasaya	ABLTV;RFOC;NFIN
aral	magaral	IND;AGFOC;NFIN
alis	inaalis	IND;PFOC;IPFV
pakamatay	nagpapakamatay	IND;AGFOC;IPFV
sira'	masiraan	IND;DIR;NFIN
kopya	kumokopya	IND;AGFOC;IPFV
patay	papagpatayin	CAUS;A2F;NFIN
ipon	papagipunin	CAUS;A2F;NFIN
laki	lumaki	IND;AGFOC;NFIN
sukat	kasusukat	IND;AGFOC;RECPFV
sulat	sulatin	IND;PFOC;NFIN
tinda	papagtindahin	CAUS;A2F;NFIN
liko'	iliko'	IND;PFOC;NFIN
gamot	gumamot	IND;AGFOC;NFIN
akyat	kaaakyat	IND;AGFOC;RECPFV
hawak	hahawak	IND;AGFOC;PROSP
sagot	sumagot	IND;AGFOC;PFV
sunod	kasusunod	IND;AGFOC;RECPFV
nakaw	nakawin	IND;PFOC;NFIN
ibig	ibigin	IND;PFOC;NFIN
galaw	gumalaw	IND;AGFOC;PFV
kain	kinakain	IND;PFOC;IPFV
lipad	mapalipad	ABLTV;CAUS;PFOC;NFIN
suot	sumuot	IND;AGFOC;NFIN
palit	magpalitan	RECP;AGFOC;PL;NFIN
patuloy	maipatuloy	ABLTV;PFOC;NFIN
isip	pagisipin	CAUS;A2F;NFIN
tawa	tatawa	IND;AGFOC;PROSP
sira'	pasiraan	CAUS;A2F;NFIN
tuloy	tumuloy	IND;AGFOC;NFIN
punta	magpunta	IND;AGFOC;NFIN
hugas	paghugasin	CAUS;A2F;NFIN
tanim	maitanim	ABLTV;PFOC;NFIN
aksaya	nagaksaya	IND;AGFOC;PFV
hingi'	mahingan	ABLTV;DIR;NFIN
sali	magsali	IND;AGFOC;NFIN
bayad	kababayad	IND;AGFOC;RECPFV
sunod	susunod	IND;AGFOC;PROSP
hagis	maghahagis	IND;AGFOC;PROSP
bihis	pabihisan	CAUS;DIR;NFIN
tuloy	itutuloy	IND;PFOC;PROSP
upo'	paupan	CAUS;DIR;NFIN
tikim	ipatikim	CAUS;PFOC;NFIN
patay	pumatay	IND;AGFOC;PFV
bura	binubura	IND;PFOC;IPFV
hiwa'	humiwa'	IND;AGFOC;PFV
gulo	maguguluhan	IND;AGFOC;PROSP
tulog	natulog	IND;AGFOC;PFV
balita'	magbalita'	IND;AGFOC;NFIN
sakay	mapasakyan	ABLTV;LFOC;NFIN
basa	magpabasa	CAUS;A1F;NFIN
palaki	pinalaki	IND;PFOC;PFV
puno'	pupunuin	IND;PFOC;PROSP
sama	papagsamahin	CAUS;A2F;NFIN
halo'	naghahalo'	IND;AGFOC;IPFV
hinto'	maghihinto'	IND;AGFOC;PROSP
aral	pagaralan	IND;PFOC;NFIN
usap	makapagusap	ABLTV;AGFOC;PL;NFIN
kain	kainan	IND;LFOC;NFIN
tawag	patawagin	CAUS;A2F;NFIN
patuloy	magpatuloy	IND;AGFOC;NFIN
putol	pumutol	IND;AGFOC;NFIN
iwan	magpaiwan	CAUS;A1F;NFIN
bati'	nagbabati'	IND;AGFOC;IPFV
sagot	mapasagot	Involuntary;AGFOC;NFIN
sunod	sumunod	IND;AGFOC;NFIN
dasal	magdasal	IND;AGFOC;NFIN
hinga	huminga	IND;AGFOC;NFIN
laba	paglabahin	CAUS;A2F;NFIN
lamig	palamigin	CAUS;PFOC;NFIN
tawid	makapagtawld	ABLTV;AGFOC;NFIN
pigil	nagpipigil	IND;AGFOC;IPFV
tanim	matanim	ABLTV;PFOC;NFIN
limot	kalimutan	IND;DIR;NFIN
paligo'	mapaliguan	ABLTV;PFOC;NFIN
sara	masara	ABLTV;PFOC;NFIN
sara	ikasara	IND;RFOC;NFIN
dilig	ipadilig	CAUS;PFOC;NFIN
kuha	kunin	IND;PFOC;NFIN
gawa'	magawa'	ABLTV;PFOC;NFIN
alala	magpaalala	CAUS;A1F;NFIN
suot	isuot	IND;PFOC;NFIN
mahal	nagmamahal	IND;AGFOC;IPFV
aral	pagaaralan	IND;PFOC;PROSP
ligpit	liligpitin	IND;PFOC;PROSP
gasta	pagastahin	CAUS;A2F;NFIN
kilala	kumikilala	IND;PFOC;IPFV
bigay	magbibigay	IND;AGFOC;PROSP
aral	kaaaral	IND;AGFOC;RECPFV
alaga'	magalaga'	IND;AGFOC;NFIN
tago'	makapagtago'	ABLTV;AGFOC;NFIN
plantsa	magplantsa	IND;AGFOC;NFIN
hinga	mahingahan	ABLTV;DIR;NFIN
tawag	nakakatawag	IND;PFOC;IPFV
tahi'	papanahiin	CAUS;Distributive;A1F;NFIN
sayaw	makapagsayaw	ABLTV;AGFOC;NFIN
sama'	sumasama'	IND;AGFOC;IPFV
tinda	itinda	IND;PFOC;NFIN
sauli'	nagsauli'	IND;AGFOC;PFV
hinto'	naghinto'	IND;AGFOC;PFV
dalaw	magpadalaw	CAUS;A1F;NFIN
iwan	naiwan	IND;AGFOC;PFV
palit	ipinapalit	IND;PFOC;IPFV
buhay	bumuhay	IND;AGFOC;PFV
basa	bumabasa	IND;AGFOC;IPFV
bili	bumili	IND;AGFOC;NFIN
talon	tumalon	IND;AGFOC;NFIN
tayo'	matayuan	ABLTV;DIR;NFIN
yakap	kayayakap	IND;AGFOC;RECPFV
lipat	papaglipatin	CAUS;A2F;NFIN
balita'	ibalita'	IND;PFOC;NFIN
sara	nagsasara	IND;AGFOC;IPFV
pansin	pumansin	IND;AGFOC;NFIN
buhat	ipabuhat	CAUS;PFOC;NFIN
kagat	kinakagat	IND;PFOC;IPFV
bigo'	biguin	IND;PFOC;NFIN
pangako	nangangako	IND;AGFOC;IPFV
hila	makahila	ABLTV;AGFOC;NFIN
lapit	lapitan	IND;DIR;NFIN
tahi'	tinatahi'	IND;PFOC;IPFV
